case_id,e1,e2,e3,t1,t2,t3,total_thickness,peak_downward_uz,peak_downward_abs,mean_patch_uz,mean_patch_abs,pinn_eval_seconds,n_eval_points
random_interior_428,8.5495525,9.3382995,8.9193894,0.083938201,0.076103134,0.08540924,0.24545058,-0.04390503931,0.04390503931,-0.03228934014,0.03228934014,0.000787,441
random_interior_311,9.2657062,8.6093546,8.5032215,0.081346588,0.075314931,0.088548582,0.2452101,-0.04510582182,0.04510582182,-0.03314038052,0.03314038052,0.000773,441
random_interior_385,7.2111652,7.6798321,9.8860299,0.060265085,0.091805041,0.099814618,0.25188474,-0.04678480353,0.04678480353,-0.03425499912,0.03425499912,0.000821,441
random_interior_298,9.0226011,6.9385963,8.740248,0.072355407,0.057346283,0.081061336,0.21076303,-0.05162303228,0.05162303228,-0.03955216907,0.03955216907,0.000802,441
random_interior_444,6.4114312,9.1109445,8.2187989,0.08197339,0.069548458,0.087770996,0.23929284,-0.0536975974,0.0536975974,-0.0399620224,0.0399620224,0.000784,441
random_interior_055,4.139936,9.6920402,9.3036582,0.078268719,0.084881956,0.090513014,0.25366369,-0.05623215949,0.05623215949,-0.04135946558,0.04135946558,0.001074,441
random_interior_408,6.6687348,7.7149787,6.4612031,0.06073656,0.094175636,0.087321012,0.24223321,-0.05716790089,0.05716790089,-0.04246640486,0.04246640486,0.000794,441
random_interior_220,8.1688684,8.1976975,7.5924131,0.069308243,0.063858027,0.068790119,0.20195639,-0.05780178955,0.05780178955,-0.04479945623,0.04479945623,0.000780,441
random_interior_314,7.0196326,8.47301,8.02886,0.051790249,0.095533544,0.07312307,0.22044686,-0.05889081241,0.05889081241,-0.04452327561,0.04452327561,0.000789,441
random_interior_114,7.3725619,8.2831668,7.9293378,0.052919578,0.090348612,0.066788239,0.21005643,-0.06158734126,0.06158734126,-0.04703148368,0.04703148368,0.000822,441
random_interior_022,6.5746795,8.3503076,7.7859018,0.096613689,0.081587085,0.071961359,0.25016213,-0.06179532627,0.06179532627,-0.04423389692,0.04423389692,0.001649,441
random_interior_211,5.7371771,9.3703487,9.3724892,0.090506185,0.061373743,0.082846416,0.23472634,-0.06241050295,0.06241050295,-0.04610509409,0.04610509409,0.000763,441
random_interior_196,8.0713098,6.5465169,7.2356495,0.093763574,0.071104362,0.091581305,0.25644924,-0.06270848128,0.06270848128,-0.04437581037,0.04437581037,0.000784,441
random_interior_481,5.661597,9.7307981,7.4721312,0.071739251,0.071321053,0.074048653,0.21710896,-0.06276733443,0.06276733443,-0.0481274134,0.0481274134,0.000778,441
random_interior_179,4.4764988,9.3900629,8.5348192,0.076888936,0.070653668,0.092495738,0.24003834,-0.06356243464,0.06356243464,-0.04734790161,0.04734790161,0.000846,441
random_interior_371,9.1138677,9.4084062,6.4573722,0.094413779,0.061855569,0.072571818,0.22884117,-0.06372099908,0.06372099908,-0.04661912729,0.04661912729,0.000776,441
random_interior_113,4.9668511,9.3127792,6.801816,0.09415129,0.097488123,0.089027812,0.28066723,-0.06423273793,0.06423273793,-0.04381226864,0.04381226864,0.000850,441
random_interior_184,7.377065,4.7192305,8.7286237,0.068958948,0.057966278,0.073605746,0.20053097,-0.06463372649,0.06463372649,-0.05008998872,0.05008998872,0.000802,441
random_interior_225,6.3491021,6.6239593,9.60788,0.080303688,0.04219528,0.09868144,0.22118041,-0.06512460932,0.06512460932,-0.04877785193,0.04877785193,0.000774,441
random_interior_426,8.6430818,4.3469959,8.3972511,0.086624311,0.05750169,0.071394188,0.21552019,-0.06545829356,0.06545829356,-0.04926982366,0.04926982366,0.000866,441
random_interior_240,6.2422176,6.575467,7.7060496,0.064524626,0.05729678,0.089419361,0.21124077,-0.06725172339,0.06725172339,-0.05156310696,0.05156310696,0.000809,441
random_interior_258,9.6428409,7.5208771,8.2200424,0.093191068,0.052434834,0.055804857,0.20143076,-0.06826041191,0.06826041191,-0.0510716929,0.0510716929,0.000784,441
random_interior_047,6.5908338,8.2311411,8.0706422,0.08325782,0.044633506,0.090705405,0.21859673,-0.06828876811,0.06828876811,-0.05137563081,0.05137563081,0.002025,441
random_interior_404,7.4052006,6.4842845,6.6410648,0.088465758,0.067924701,0.058764066,0.21515453,-0.06950718395,0.06950718395,-0.05250987778,0.05250987778,0.000928,441
random_interior_119,6.5303067,5.2441178,7.006319,0.067582178,0.088402225,0.067866487,0.22385089,-0.06955470417,0.06955470417,-0.05276894744,0.05276894744,0.000837,441
random_interior_281,5.8807167,6.9994809,5.067051,0.084150269,0.085857354,0.098397812,0.26840543,-0.07063177172,0.07063177172,-0.04986194795,0.04986194795,0.000776,441
random_interior_004,5.9210996,7.9910291,5.1285789,0.093252411,0.085214447,0.090187452,0.26865431,-0.0706677561,0.0706677561,-0.04933201066,0.04933201066,0.011112,441
random_interior_291,6.7053272,7.3068356,8.5411272,0.081209392,0.066538639,0.047579087,0.19532712,-0.07098425195,0.07098425195,-0.0548616643,0.0548616643,0.000776,441
random_interior_172,7.0492157,6.9533981,4.6521749,0.082771624,0.077881629,0.064392942,0.22504619,-0.07139549399,0.07139549399,-0.0540206988,0.0540206988,0.000796,441
random_interior_374,9.6383626,5.2646895,9.762152,0.071208469,0.089257384,0.039493944,0.1999598,-0.0721213822,0.0721213822,-0.05492675282,0.05492675282,0.000761,441
random_interior_494,7.8389959,5.6210803,9.731889,0.090482207,0.092753931,0.099786398,0.28302254,-0.07306689291,0.07306689291,-0.04886759935,0.04886759935,0.001887,441
random_interior_271,7.8344095,7.1653601,4.4111306,0.090272984,0.076859985,0.064722097,0.23185507,-0.07308363944,0.07308363944,-0.05414414778,0.05414414778,0.000782,441
random_interior_269,3.3762848,7.0428553,6.6492929,0.067917941,0.086531537,0.093126258,0.24757574,-0.0733202022,0.0733202022,-0.05456559155,0.05456559155,0.000784,441
random_interior_400,8.0807089,5.3917119,5.4931357,0.090203995,0.082327517,0.089440742,0.26197225,-0.07460261755,0.07460261755,-0.05243811958,0.05243811958,0.000794,441
random_interior_091,8.0225542,8.0521562,5.6764881,0.062645415,0.084630396,0.048550062,0.19582587,-0.07574974326,0.07574974326,-0.05871068151,0.05871068151,0.000948,441
random_interior_461,9.9948831,7.2710646,6.9825285,0.099089073,0.081074839,0.044709271,0.22487318,-0.07671738894,0.07671738894,-0.0540552663,0.0540552663,0.000775,441
random_interior_207,4.1017075,6.2388866,9.7682296,0.05619087,0.058680417,0.099568106,0.21443939,-0.07775061562,0.07775061562,-0.05904674629,0.05904674629,0.000765,441
random_interior_462,7.1276099,8.3246808,5.4098262,0.042128078,0.095605115,0.089180504,0.2269137,-0.0801085511,0.0801085511,-0.05903724717,0.05903724717,0.000793,441
random_interior_043,8.0347227,8.4240845,5.8405735,0.071484468,0.047671444,0.095327968,0.21448388,-0.08172047692,0.08172047692,-0.06148482981,0.06148482981,0.001474,441
random_interior_120,3.9361662,7.7819833,7.7355625,0.073600781,0.092862209,0.052592638,0.21905563,-0.08257406003,0.08257406003,-0.06291194568,0.06291194568,0.000830,441
random_interior_431,5.8155287,4.3321518,6.6470161,0.057594491,0.072320746,0.096753094,0.22666833,-0.08307639491,0.08307639491,-0.06237155868,0.06237155868,0.000792,441
random_interior_048,6.222145,6.9137705,5.5571756,0.05055668,0.076282864,0.088882521,0.21572206,-0.08314829833,0.08314829833,-0.06296835513,0.06296835513,0.001235,441
random_interior_391,9.0566523,8.1926211,8.6109081,0.092795813,0.020323258,0.092271765,0.20539084,-0.08333965789,0.08333965789,-0.06059749534,0.06059749534,0.000783,441
random_interior_276,6.6261108,6.1195425,8.7081854,0.048899726,0.052146367,0.07336515,0.17441124,-0.0834057763,0.0834057763,-0.0654937061,0.0654937061,0.000766,441
random_interior_475,5.9417922,5.7951789,4.0887522,0.088616998,0.075451497,0.082906414,0.24697491,-0.08356023053,0.08356023053,-0.06119268476,0.06119268476,0.000780,441
random_interior_437,8.5158423,6.1740386,5.5737951,0.094697791,0.055004562,0.095269352,0.24497171,-0.08368264339,0.08368264339,-0.05903860387,0.05903860387,0.000810,441
random_interior_109,6.7333265,3.4356208,7.6500207,0.081700086,0.081890197,0.099825666,0.26341595,-0.08447587437,0.08447587437,-0.06019597272,0.06019597272,0.000913,441
random_interior_073,8.5692212,7.6126713,7.1647096,0.073860832,0.058570802,0.039332714,0.17176435,-0.08462215315,0.08462215315,-0.06651841411,0.06651841411,0.001074,441
random_interior_165,7.2347111,8.8699495,9.617308,0.088838728,0.035406651,0.056566903,0.18081228,-0.08463811687,0.08463811687,-0.06486717272,0.06486717272,0.000885,441
random_interior_141,5.7979576,7.7517391,9.013435,0.050785592,0.066709527,0.057217322,0.17471244,-0.08563300961,0.08563300961,-0.06722631007,0.06722631007,0.000794,441
random_interior_076,9.5474899,7.4770735,5.6291198,0.076190958,0.051711435,0.051298673,0.17920107,-0.08576534291,0.08576534291,-0.06699191449,0.06699191449,0.000963,441
random_interior_260,6.0970002,6.5415012,7.6477727,0.087955631,0.050532004,0.057619292,0.19610693,-0.0858968682,0.0858968682,-0.06584639896,0.06584639896,0.000921,441
random_interior_090,6.8540721,7.1152317,3.7970768,0.089567805,0.067032249,0.07622184,0.23282189,-0.08621545599,0.08621545599,-0.06396646746,0.06396646746,0.000938,441
random_interior_012,7.2758339,5.1416783,6.3550479,0.081747585,0.036597808,0.087203201,0.20554859,-0.08633493468,0.08633493468,-0.06554554912,0.06554554912,0.001554,441
random_interior_432,6.9449045,3.8570556,5.5761479,0.073734866,0.08817099,0.065370892,0.22727675,-0.08635976149,0.08635976149,-0.06494992042,0.06494992042,0.000798,441
random_interior_247,8.296078,4.8911825,6.0079169,0.060707304,0.047907083,0.0871857,0.19580009,-0.08759738944,0.08759738944,-0.06743383407,0.06743383407,0.000775,441
random_interior_087,7.9547624,4.123717,8.1471145,0.092144062,0.027417003,0.083916532,0.2034776,-0.08802785546,0.08802785546,-0.06546449384,0.06546449384,0.000939,441
random_interior_266,4.7557511,8.6078209,4.7903026,0.084166615,0.072264673,0.070385775,0.22681706,-0.08809627479,0.08809627479,-0.06654288921,0.06654288921,0.000772,441
random_interior_215,7.5275686,5.7776509,9.5761105,0.047051007,0.067837808,0.05196845,0.16685727,-0.08818499509,0.08818499509,-0.06929576951,0.06929576951,0.000782,441
random_interior_423,6.1077769,2.3213393,8.4037778,0.065588603,0.064442228,0.095685716,0.22571655,-0.08834333459,0.08834333459,-0.06652989364,0.06652989364,0.000898,441
random_interior_117,9.1765785,6.3155081,5.7771492,0.096028424,0.089813001,0.041669991,0.22751142,-0.0886292786,0.0886292786,-0.06268094562,0.06268094562,0.000815,441
random_interior_307,6.5084753,2.694779,8.3496952,0.080914909,0.042930555,0.079377473,0.20322294,-0.08890098476,0.08890098476,-0.06805972616,0.06805972616,0.000798,441
random_interior_342,9.8272534,5.0258046,8.0477759,0.048873938,0.053049662,0.061800997,0.1637246,-0.08944403778,0.08944403778,-0.07042787211,0.07042787211,0.000894,441
random_interior_190,3.1253045,8.498476,8.5073481,0.069023706,0.077128859,0.065171441,0.21132401,-0.08954105708,0.08954105708,-0.06886760004,0.06886760004,0.000774,441
random_interior_273,7.1013305,4.0338147,7.5505234,0.074452752,0.085060259,0.040634401,0.20014741,-0.0905861253,0.0905861253,-0.06946944521,0.06946944521,0.000770,441
random_interior_212,8.8168746,6.8959775,6.4311893,0.047184243,0.054814526,0.094651268,0.19665004,-0.09080382998,0.09080382998,-0.06884318969,0.06884318969,0.000786,441
random_interior_171,6.5156701,9.1301755,7.9195724,0.07619269,0.033888609,0.063799283,0.17388058,-0.09081488924,0.09081488924,-0.07123320738,0.07123320738,0.000791,441
random_interior_430,6.9650019,7.1198986,7.6255421,0.038228133,0.084055788,0.063256988,0.18554091,-0.09178431224,0.09178431224,-0.07041518225,0.07041518225,0.000777,441
random_interior_263,3.6676587,9.5277237,9.5163049,0.085005405,0.092257753,0.047640454,0.22490361,-0.09208030552,0.09208030552,-0.06863832819,0.06863832819,0.000809,441
random_interior_222,3.7926124,9.5702359,8.0777764,0.083777876,0.064394377,0.066935768,0.21510802,-0.0922368849,0.0922368849,-0.07003211136,0.07003211136,0.000868,441
random_interior_104,6.4111624,7.8764363,6.1455165,0.083709608,0.05191225,0.052927021,0.18854888,-0.0943615489,0.0943615489,-0.07310071515,0.07310071515,0.000956,441
random_interior_429,5.8984011,3.0706515,6.775994,0.089572339,0.063706315,0.067677737,0.22095639,-0.09445839316,0.09445839316,-0.07079692592,0.07079692592,0.000774,441
random_interior_414,5.5597876,8.1085213,9.2227229,0.070398101,0.056321621,0.042497398,0.16921712,-0.09447211359,0.09447211359,-0.0745407709,0.0745407709,0.000786,441
random_interior_226,3.8285602,7.276053,7.192511,0.073584676,0.050000585,0.095192175,0.21877744,-0.09568218469,0.09568218469,-0.07244633258,0.07244633258,0.000775,441
random_interior_327,9.2520486,4.8600045,3.9345994,0.072447824,0.071520914,0.055928646,0.19989738,-0.09577397181,0.09577397181,-0.07367484652,0.07367484652,0.000792,441
random_interior_124,9.0882203,5.7078975,6.3823634,0.040769561,0.060398741,0.083471796,0.1846401,-0.09648811683,0.09648811683,-0.07396053725,0.07396053725,0.000836,441
random_interior_244,5.656291,3.2506469,6.5530457,0.09486297,0.063874646,0.088872999,0.24761062,-0.09674175285,0.09674175285,-0.06967696005,0.06967696005,0.000781,441
random_interior_411,2.3139587,8.8469943,6.3529402,0.058746053,0.095728613,0.077609942,0.23208461,-0.09685882884,0.09685882884,-0.07311854718,0.07311854718,0.000772,441
random_interior_487,4.7648773,8.693445,5.6776731,0.077545055,0.052640065,0.075073781,0.2052589,-0.09786007564,0.09786007564,-0.07537631138,0.07537631138,0.001498,441
random_interior_095,7.8984901,4.5418631,9.2607459,0.036121401,0.061719229,0.068430747,0.16627138,-0.09818392501,0.09818392501,-0.07650266284,0.07650266284,0.001030,441
random_interior_096,7.1309658,9.8948757,9.5264515,0.047605715,0.032633214,0.069337405,0.14957633,-0.09825050031,0.09825050031,-0.07804179582,0.07804179582,0.001152,441
random_interior_388,6.149914,9.2187074,9.0792682,0.041582659,0.044687042,0.074919702,0.1611894,-0.09847927312,0.09847927312,-0.07734943582,0.07734943582,0.000838,441
random_interior_449,9.6763944,8.2353087,2.5929368,0.070414135,0.075906102,0.060312503,0.20663274,-0.09934958719,0.09934958719,-0.07616709099,0.07616709099,0.000970,441
random_interior_112,8.6134843,6.8057066,7.7230174,0.050841917,0.041204347,0.061348074,0.15339434,-0.09973554906,0.09973554906,-0.07930089431,0.07930089431,0.000829,441
random_interior_168,6.0088886,8.7441881,4.2861182,0.076272777,0.089262608,0.033105772,0.19864116,-0.1005905221,0.1005905221,-0.07765921794,0.07765921794,0.000879,441
random_interior_397,4.8249007,3.4102689,9.0115955,0.045882364,0.084537915,0.078489488,0.20890977,-0.1008118513,0.1008118513,-0.07659314433,0.07659314433,0.000798,441
random_interior_336,9.1765105,6.6749381,6.4763553,0.063896824,0.098202196,0.023888662,0.18598768,-0.1010242855,0.1010242855,-0.07734211917,0.07734211917,0.000784,441
random_interior_040,8.5036504,3.4448664,6.5354417,0.05017465,0.082306089,0.066260199,0.19874094,-0.1026242492,0.1026242492,-0.07830829201,0.07830829201,0.001319,441
random_interior_413,4.1614522,5.3766585,8.4318879,0.094917022,0.099965406,0.080320082,0.27520251,-0.1036271528,0.1036271528,-0.07088217805,0.07088217805,0.000941,441
random_interior_063,6.9895351,3.8189471,6.1679703,0.09255024,0.045630313,0.061862197,0.20004275,-0.104929267,0.104929267,-0.07912355879,0.07912355879,0.001078,441
random_interior_186,9.2316836,6.363234,7.4071838,0.067336781,0.02321026,0.062681206,0.15322825,-0.1057019384,0.1057019384,-0.08367662404,0.08367662404,0.000866,441
random_interior_105,4.6207452,5.4519786,3.6912798,0.093240628,0.077134203,0.068771747,0.23914658,-0.1059374596,0.1059374596,-0.07804796742,0.07804796742,0.000994,441
random_interior_067,7.7494077,5.8053977,8.7957449,0.037433649,0.06560595,0.054303117,0.15734272,-0.1072153982,0.1072153982,-0.08409048043,0.08409048043,0.001204,441
random_interior_267,8.6900465,3.9689726,7.0190206,0.090628946,0.095747464,0.047922374,0.23429878,-0.1083348892,0.1083348892,-0.07662929496,0.07662929496,0.000779,441
random_interior_253,5.629382,5.7060606,8.8478963,0.024053184,0.090263274,0.085550303,0.19986676,-0.1085596561,0.1085596561,-0.08050344995,0.08050344995,0.000785,441
random_interior_050,4.5006572,2.8247307,7.6430553,0.083154725,0.077784917,0.058353779,0.21929342,-0.1091037734,0.1091037734,-0.08243702077,0.08243702077,0.001210,441
random_interior_069,7.7242489,5.6370315,7.2382806,0.032611224,0.096916564,0.074158499,0.20368629,-0.1097731725,0.1097731725,-0.08164740316,0.08164740316,0.001028,441
random_interior_386,7.9572512,5.638315,9.0704688,0.095529791,0.075805875,0.020946724,0.19228239,-0.1098045614,0.1098045614,-0.08062761237,0.08062761237,0.000852,441
random_interior_396,3.7471695,3.9818902,7.9940939,0.046436672,0.092389555,0.079685124,0.21851135,-0.1101906155,0.1101906155,-0.08301776754,0.08301776754,0.000872,441
random_interior_206,9.3656477,4.7366692,3.8664119,0.092327049,0.090750853,0.047609808,0.23068771,-0.1112501045,0.1112501045,-0.07889434209,0.07889434209,0.000781,441
random_interior_366,5.0119936,1.8418703,9.410243,0.081859645,0.041496695,0.081490288,0.20484663,-0.1115914704,0.1115914704,-0.08520570709,0.08520570709,0.000765,441
random_interior_006,3.6169177,2.2697753,9.4587128,0.061101328,0.080671133,0.085697882,0.22747034,-0.1118857716,0.1118857716,-0.08442472031,0.08442472031,0.015190,441
random_interior_020,5.8545017,6.6527104,9.3782475,0.020126081,0.087695184,0.077412226,0.18523349,-0.1124387244,0.1124387244,-0.08393558762,0.08393558762,0.001312,441
random_interior_201,8.2098719,9.7998715,9.8923091,0.036529654,0.028735487,0.071471399,0.13673654,-0.1135472948,0.1135472948,-0.08987942053,0.08987942053,0.000856,441
random_interior_208,8.0127978,8.1262595,8.4539389,0.077154135,0.02158015,0.052522517,0.1512568,-0.1135493097,0.1135493097,-0.08932613275,0.08932613275,0.000760,441
random_interior_044,9.7041232,4.780077,3.7949251,0.093670269,0.053178425,0.057732376,0.20458107,-0.1144232313,0.1144232313,-0.08473268741,0.08473268741,0.001384,441
random_interior_256,7.4666416,6.0089102,5.9019657,0.071389131,0.030310084,0.062428234,0.16412745,-0.1150502862,0.1150502862,-0.09085289658,0.09085289658,0.000777,441
random_interior_065,7.1803994,5.0229248,6.543166,0.076041727,0.062189297,0.030147839,0.16837886,-0.1154685374,0.1154685374,-0.09068940867,0.09068940867,0.001099,441
random_interior_072,8.8454685,2.2247006,6.1038633,0.065941537,0.040432992,0.077816695,0.18419123,-0.1155603452,0.1155603452,-0.08966878177,0.08966878177,0.001051,441
random_interior_001,2.6023131,7.380203,6.5320045,0.070815285,0.079304857,0.059733604,0.20985375,-0.1155845113,0.1155845113,-0.08903395049,0.08903395049,0.010272,441
random_interior_003,8.2053465,8.7206847,3.6910898,0.077955522,0.042654149,0.065453455,0.18606313,-0.1163621131,0.1163621131,-0.09037378396,0.09037378396,0.012469,441
random_interior_169,5.9309848,2.9638879,4.2762323,0.095667923,0.069736809,0.087403357,0.25280809,-0.1168640627,0.1168640627,-0.08306513298,0.08306513298,0.000842,441
random_interior_078,7.3780866,8.6912801,5.6399077,0.051231267,0.038042488,0.07602184,0.16529559,-0.1175242868,0.1175242868,-0.09241837162,0.09241837162,0.000924,441
random_interior_191,2.5277823,6.7182995,4.7121338,0.056385542,0.087674478,0.079699174,0.22375919,-0.1180230575,0.1180230575,-0.0897771472,0.0897771472,0.000835,441
random_interior_149,7.3166283,8.8652992,4.3492711,0.041926473,0.075071847,0.066043788,0.18304211,-0.1183064623,0.1183064623,-0.09138820117,0.09138820117,0.000786,441
random_interior_425,9.7519017,4.2128309,4.0238235,0.051751148,0.073929894,0.074482468,0.20016351,-0.1186404702,0.1186404702,-0.09009635382,0.09009635382,0.000811,441
random_interior_309,6.757728,8.932789,2.6101437,0.094305232,0.096747633,0.036480109,0.22753297,-0.1189866022,0.1189866022,-0.08603263048,0.08603263048,0.000790,441
random_interior_362,7.3289534,5.6129005,4.3789753,0.078631046,0.036276935,0.066288121,0.1811961,-0.11920639,0.11920639,-0.09284805082,0.09284805082,0.000784,441
random_interior_318,6.2873032,8.350743,5.489124,0.058063929,0.035216779,0.081102342,0.17438305,-0.1193355552,0.1193355552,-0.09344734391,0.09344734391,0.000782,441
random_interior_459,7.9549129,9.8523386,5.5851588,0.049827676,0.076694716,0.033986315,0.16050871,-0.1201097811,0.1201097811,-0.09441610185,0.09441610185,0.000792,441
random_interior_323,5.593251,8.708379,4.9594091,0.090378842,0.076253488,0.031468287,0.19810062,-0.1203896549,0.1203896549,-0.09106961506,0.09106961506,0.001005,441
random_interior_178,3.6672988,6.0381573,5.7872696,0.047494014,0.066450423,0.096082832,0.21002727,-0.12068934,0.12068934,-0.09135236453,0.09135236453,0.000935,441
random_interior_463,9.5518884,6.5721831,9.4455059,0.040475354,0.021663124,0.071439706,0.13357818,-0.121267122,0.121267122,-0.09631370555,0.09631370555,0.000774,441
random_interior_338,8.7485027,6.2069739,8.7164238,0.038630391,0.092392184,0.035444646,0.16646722,-0.1215834297,0.1215834297,-0.0932181258,0.0932181258,0.000775,441
random_interior_245,7.3962537,6.3947657,7.5196557,0.052527756,0.051831274,0.044106846,0.14846588,-0.1217913088,0.1217913088,-0.09720325245,0.09720325245,0.000765,441
random_interior_478,4.091039,2.1594026,7.9279034,0.082568612,0.06384038,0.065063839,0.21147283,-0.122571007,0.122571007,-0.09340777772,0.09340777772,0.000812,441
random_interior_310,7.1761051,2.5588368,8.1772168,0.074583717,0.074457827,0.030599511,0.17964106,-0.1237631399,0.1237631399,-0.09604679855,0.09604679855,0.000797,441
random_interior_349,4.7323741,2.925211,7.3922012,0.041339905,0.064323683,0.092475116,0.1981387,-0.1239987203,0.1239987203,-0.09445043943,0.09445043943,0.000790,441
random_interior_335,7.2363307,8.3224124,3.0383897,0.055227097,0.09094836,0.045892678,0.19206814,-0.1245101638,0.1245101638,-0.09625503358,0.09625503358,0.000792,441
random_interior_305,9.9033748,3.5951279,8.9793598,0.055254211,0.058869647,0.034328255,0.14845211,-0.1245685809,0.1245685809,-0.09893411827,0.09893411827,0.000938,441
random_interior_326,4.7671082,7.9167719,8.6896276,0.038394145,0.062033972,0.058213751,0.15864187,-0.1251298692,0.1251298692,-0.09825991988,0.09825991988,0.000794,441
random_interior_469,4.9515949,7.2219329,8.4364735,0.035570548,0.044689668,0.09797236,0.17823258,-0.1256214929,0.1256214929,-0.09539717209,0.09539717209,0.000799,441
random_interior_136,9.1969983,4.5222166,3.6608762,0.086668681,0.037297797,0.084841107,0.20880758,-0.1257922423,0.1257922423,-0.09325559364,0.09325559364,0.000796,441
random_interior_110,9.2205484,2.3185639,7.2127691,0.050956929,0.070567941,0.051360234,0.1728851,-0.1272372356,0.1272372356,-0.09911934571,0.09911934571,0.001083,441
random_interior_028,9.6562782,5.7094995,7.9360473,0.044352384,0.050889659,0.044911833,0.14015388,-0.1272551022,0.1272551022,-0.1013864386,0.1013864386,0.001164,441
random_interior_183,9.0190805,6.0982336,5.5209794,0.097833257,0.020977196,0.091593848,0.2104043,-0.1274784262,0.1274784262,-0.09004850523,0.09004850523,0.000804,441
random_interior_482,7.0117891,8.2453415,5.4988994,0.053300808,0.035122965,0.092649747,0.18107352,-0.1276006489,0.1276006489,-0.09805115764,0.09805115764,0.000783,441
random_interior_237,7.2372262,5.4187011,4.3044817,0.051765572,0.085781279,0.045376285,0.18292314,-0.1276710104,0.1276710104,-0.09893876839,0.09893876839,0.000798,441
random_interior_329,2.8688412,3.3438739,7.7566772,0.08978509,0.061226536,0.091685745,0.24269737,-0.1279703113,0.1279703113,-0.09386159378,0.09386159378,0.000822,441
random_interior_496,6.8378959,3.3439787,5.5538681,0.078450308,0.023273713,0.088152981,0.189877,-0.1281910477,0.1281910477,-0.09774101663,0.09774101663,0.002219,441
random_interior_059,8.7798541,2.6233398,5.6983065,0.086931682,0.092209114,0.049437497,0.22857829,-0.1304827328,0.1304827328,-0.09397924384,0.09397924384,0.001614,441
random_interior_228,5.3974012,4.9146249,2.8703931,0.076934581,0.088082853,0.040000361,0.2050178,-0.1316087607,0.1316087607,-0.1012497658,0.1012497658,0.000780,441
random_interior_214,6.058605,7.3791865,2.1623333,0.067207601,0.087261162,0.048762685,0.20323145,-0.1322260194,0.1322260194,-0.1023777762,0.1023777762,0.000948,441
random_interior_270,8.3067949,4.9413408,5.7129834,0.046165042,0.099363166,0.049526412,0.19505462,-0.1323700252,0.1323700252,-0.09981468224,0.09981468224,0.000855,441
random_interior_054,4.3693907,5.2610443,3.3395132,0.078903317,0.054005236,0.077170553,0.21007911,-0.1326545415,0.1326545415,-0.1018478447,0.1018478447,0.001121,441
random_interior_264,8.0714135,8.0991964,6.9800197,0.065882032,0.028829589,0.047518897,0.14223052,-0.1327255259,0.1327255259,-0.1059351231,0.1059351231,0.000812,441
random_interior_402,7.3812721,1.3214401,6.3748601,0.07883102,0.076088324,0.057754262,0.21267361,-0.1330064419,0.1330064419,-0.1005511433,0.1005511433,0.001266,441
random_interior_193,8.9820769,7.2169139,2.6695896,0.048837815,0.099159486,0.074076582,0.22207388,-0.1333010817,0.1333010817,-0.0978047223,0.0978047223,0.000775,441
random_interior_467,7.7132293,8.3769585,6.9047474,0.029575833,0.085944632,0.04581502,0.16133549,-0.1350199059,0.1350199059,-0.1035673157,0.1035673157,0.000803,441
random_interior_150,6.2633281,2.8504214,4.7587481,0.054049803,0.094894767,0.073005861,0.22195043,-0.1366039652,0.1366039652,-0.1021844671,0.1021844671,0.000842,441
random_interior_373,3.5699009,7.2278555,5.4637285,0.058843161,0.054021123,0.067773661,0.18063795,-0.1370629506,0.1370629506,-0.1077222295,0.1077222295,0.000776,441
random_interior_424,4.1118527,4.8102985,7.3041164,0.026589041,0.083147704,0.08719521,0.19693196,-0.137254337,0.137254337,-0.1027213477,0.1027213477,0.000845,441
random_interior_407,7.6353115,2.472981,8.0834488,0.073142308,0.042021418,0.045186655,0.16035038,-0.1374497252,0.1374497252,-0.1084255882,0.1084255882,0.000785,441
random_interior_077,4.9461897,8.5299217,8.5927279,0.059229051,0.02662479,0.059689632,0.14554347,-0.1383067009,0.1383067009,-0.1105839489,0.1105839489,0.000921,441
random_interior_216,8.5050633,8.6362359,5.5471442,0.086008057,0.040919454,0.034488615,0.16141613,-0.1385281078,0.1385281078,-0.1071282607,0.1071282607,0.000903,441
random_interior_218,3.5881563,3.2363841,4.4789248,0.069711414,0.070623122,0.061114419,0.20144896,-0.1390393832,0.1390393832,-0.107893044,0.107893044,0.000792,441
random_interior_348,3.9175016,8.6417856,4.7384584,0.085957709,0.046807752,0.088725274,0.22149073,-0.1395802655,0.1395802655,-0.1039370593,0.1039370593,0.000783,441
random_interior_484,5.3879163,3.4762476,5.0978355,0.039195991,0.078330233,0.094697437,0.21222366,-0.1400256675,0.1400256675,-0.1044669745,0.1044669745,0.000786,441
random_interior_000,7.5534842,2.646543,6.2389655,0.063277321,0.087572338,0.033370772,0.18422043,-0.1404372028,0.1404372028,-0.1084156884,0.1084156884,0.012266,441
random_interior_155,5.9986849,7.8418262,1.7901513,0.062665548,0.085736189,0.096124247,0.24452598,-0.1406444138,0.1406444138,-0.1007860363,0.1007860363,0.000801,441
random_interior_485,6.1243532,4.0978464,1.9152105,0.078190077,0.074992152,0.063993731,0.21717596,-0.1418862221,0.1418862221,-0.1081999813,0.1081999813,0.000767,441
random_interior_259,5.324423,1.5147679,8.6194685,0.046222634,0.085426821,0.084680452,0.21632991,-0.1421454686,0.1421454686,-0.1068267313,0.1068267313,0.000825,441
random_interior_035,4.1318616,7.0182588,3.9605599,0.038296481,0.088323135,0.077442796,0.20406241,-0.1422519536,0.1422519536,-0.107776318,0.107776318,0.001314,441
random_interior_217,6.2839517,8.1258008,7.0696099,0.086455705,0.034721536,0.040279304,0.16145655,-0.1431776608,0.1431776608,-0.1109616993,0.1109616993,0.000795,441
random_interior_157,2.388468,6.1822093,8.6384278,0.070896516,0.071262998,0.047116525,0.18927604,-0.1433202796,0.1433202796,-0.1113562945,0.1113562945,0.000800,441
random_interior_295,6.4746466,1.6414294,4.7763193,0.091335001,0.04968411,0.088324752,0.22934386,-0.1433477192,0.1433477192,-0.1048542172,0.1048542172,0.000785,441
random_interior_125,6.9706122,4.4089366,5.991079,0.026521028,0.079953323,0.079294591,0.18576894,-0.143407114,0.143407114,-0.1080023292,0.1080023292,0.000826,441
random_interior_420,2.6919868,5.787014,2.255002,0.066341025,0.091844455,0.090351861,0.24853734,-0.1434305227,0.1434305227,-0.1059245457,0.1059245457,0.000771,441
random_interior_074,6.1319293,5.0364,3.9230553,0.09591153,0.039828656,0.096955035,0.23269522,-0.143630507,0.143630507,-0.1019889619,0.1019889619,0.000981,441
random_interior_046,2.450526,3.2905565,7.493146,0.087203515,0.057855837,0.096588998,0.24164835,-0.1437957773,0.1437957773,-0.1055601637,0.1055601637,0.001148,441
random_interior_140,7.6243406,3.3224694,6.5011926,0.096831865,0.022378961,0.063667826,0.18287865,-0.1442679333,0.1442679333,-0.1071483794,0.1071483794,0.000795,441
random_interior_277,9.4886111,1.875922,9.216615,0.081472187,0.080969943,0.025379047,0.18782118,-0.1444466005,0.1444466005,-0.108670425,0.108670425,0.000897,441
random_interior_303,9.7394926,1.6246589,8.4608656,0.090127783,0.078401992,0.038613667,0.20714344,-0.1450484932,0.1450484932,-0.1054712274,0.1054712274,0.000772,441
random_interior_405,5.9484312,8.7384579,5.8192043,0.034699429,0.076689851,0.051411274,0.16280055,-0.1456692316,0.1456692316,-0.1130737461,0.1130737461,0.000791,441
random_interior_458,7.4583963,1.1479977,7.4740375,0.084767766,0.02928515,0.079408293,0.19346121,-0.1458296076,0.1458296076,-0.1105996122,0.1105996122,0.000928,441
random_interior_239,5.8114588,8.8990908,3.1280642,0.037060769,0.096148951,0.069317072,0.20252679,-0.1460847694,0.1460847694,-0.1099777218,0.1099777218,0.000826,441
random_interior_312,2.9522963,4.7455765,4.1605023,0.065745842,0.072337146,0.062254742,0.20033773,-0.146088129,0.146088129,-0.1135846756,0.1135846756,0.000777,441
random_interior_350,9.2663815,2.4840344,5.972159,0.093226838,0.069202501,0.028626866,0.19105621,-0.1465406538,0.1465406538,-0.1080964736,0.1080964736,0.000856,441
random_interior_147,7.9039011,6.9349063,8.9811643,0.078587879,0.024753021,0.036218263,0.13955916,-0.1479416853,0.1479416853,-0.1164221399,0.1164221399,0.000811,441
random_interior_333,4.9870955,9.8378323,6.6545617,0.0292381,0.097822607,0.051829104,0.17888981,-0.1481898134,0.1481898134,-0.1118550521,0.1118550521,0.000910,441
random_interior_115,2.2851177,3.8593605,8.8904648,0.062663281,0.086197766,0.056565826,0.20542687,-0.148758404,0.148758404,-0.1140160715,0.1140160715,0.000820,441
random_interior_275,9.4242217,1.8674097,5.5419279,0.047827209,0.075084615,0.086904941,0.20981677,-0.149226507,0.149226507,-0.1114945861,0.1114945861,0.000759,441
random_interior_130,7.8750001,5.1854569,8.9997239,0.046540729,0.062830739,0.028468978,0.13784045,-0.1494129062,0.1494129062,-0.1191724137,0.1191724137,0.001006,441
random_interior_403,8.5697306,8.7002902,6.4690078,0.029622028,0.09363212,0.038580689,0.16183484,-0.1505069373,0.1505069373,-0.114432279,0.114432279,0.000829,441
random_interior_272,4.1500351,3.7985484,5.5352059,0.059098992,0.038437744,0.099384116,0.19692085,-0.1505155437,0.1505155437,-0.114829213,0.114829213,0.000788,441
random_interior_341,2.9536604,5.2628969,4.8531838,0.088539035,0.070089979,0.051945547,0.21057456,-0.1516039537,0.1516039537,-0.1150612605,0.1150612605,0.000952,441
random_interior_151,4.6292258,6.5352376,5.4891942,0.025145072,0.095134713,0.076556976,0.19683676,-0.1517710234,0.1517710234,-0.113058754,0.113058754,0.001049,441
random_interior_075,5.7995359,6.8322747,2.0878614,0.070609956,0.05982078,0.072462248,0.20289298,-0.1521723388,0.1521723388,-0.1177317201,0.1177317201,0.000938,441
random_interior_011,5.4094948,1.9466633,9.9819366,0.025736775,0.069526815,0.097334349,0.19259794,-0.1533397997,0.1533397997,-0.1140214417,0.1140214417,0.001725,441
random_interior_134,7.2838501,9.1678714,3.5653361,0.059947711,0.038317089,0.068047444,0.16631224,-0.1543507218,0.1543507218,-0.1217678671,0.1217678671,0.000809,441
random_interior_024,4.1571811,5.2271822,6.2705337,0.046305265,0.040199701,0.077020963,0.16352593,-0.1549053984,0.1549053984,-0.1221026595,0.1221026595,0.001229,441
random_interior_037,6.7330187,6.6478058,4.3524205,0.061985136,0.023740885,0.076863658,0.16258968,-0.1550196874,0.1550196874,-0.1220506783,0.1220506783,0.001305,441
random_interior_493,1.7615636,8.4201471,5.1331804,0.086238103,0.078929542,0.075450172,0.24061782,-0.1569556681,0.1569556681,-0.1159996417,0.1159996417,0.001450,441
random_interior_471,2.4184702,8.8144459,6.3304567,0.067270037,0.063373891,0.056717978,0.18736191,-0.1570185257,0.1570185257,-0.122477322,0.122477322,0.000781,441
random_interior_442,5.0312563,8.981212,2.9070775,0.072278353,0.070819634,0.042886768,0.18598476,-0.1571952847,0.1571952847,-0.1229255727,0.1229255727,0.000866,441
random_interior_234,2.9701763,3.3220558,3.3104715,0.090058265,0.073074122,0.091611841,0.25474423,-0.1573711271,0.1573711271,-0.113766724,0.113766724,0.000764,441
random_interior_086,6.7268153,7.357282,2.873352,0.096211534,0.042115462,0.089792782,0.22811978,-0.1587295836,0.1587295836,-0.1132783751,0.1132783751,0.000924,441
random_interior_468,3.7188538,3.273451,7.8246828,0.026502135,0.086055354,0.093476648,0.20603414,-0.1593118042,0.1593118042,-0.1176033652,0.1176033652,0.000757,441
random_interior_344,9.2855544,8.1979785,6.739925,0.02540547,0.097728471,0.043643425,0.16677737,-0.1599567535,0.1599567535,-0.1197547796,0.1197547796,0.000878,441
random_interior_268,9.9112176,4.2983939,2.4517902,0.074590408,0.057615522,0.095179,0.22738493,-0.160462545,0.160462545,-0.1158918145,0.1158918145,0.000987,441
random_interior_376,7.9281844,8.9398726,4.6926856,0.026945679,0.067014829,0.065993961,0.15995447,-0.1625669576,0.1625669576,-0.1252417248,0.1252417248,0.000843,441
random_interior_490,6.8790706,3.663896,2.4249527,0.062933015,0.098124453,0.063348217,0.22440568,-0.1631872228,0.1631872228,-0.121505808,0.121505808,0.001874,441
random_interior_476,3.5858072,6.3473055,7.3049379,0.061270528,0.039554351,0.053550219,0.1543751,-0.1642486532,0.1642486532,-0.1310477482,0.1310477482,0.000780,441
random_interior_132,8.101634,4.0361691,2.5003611,0.078255774,0.065888784,0.037501899,0.18164646,-0.1643992062,0.1643992062,-0.1277380093,0.1277380093,0.000849,441
random_interior_060,9.4072695,3.072638,4.6474207,0.041039915,0.087467813,0.072499281,0.20100701,-0.1644575263,0.1644575263,-0.1228243889,0.1228243889,0.001175,441
random_interior_293,7.6308012,9.8139615,7.049849,0.038772887,0.023454435,0.070278549,0.13250587,-0.1646656904,0.1646656904,-0.130452639,0.130452639,0.000771,441
random_interior_082,5.6433873,1.6369581,4.4173539,0.095462973,0.051082241,0.094845023,0.24139024,-0.1659709995,0.1659709995,-0.1184003315,0.1184003315,0.001006,441
random_interior_092,6.7959445,6.052448,3.0256977,0.066428108,0.034001241,0.071771753,0.1722011,-0.1663622111,0.1663622111,-0.1308041189,0.1308041189,0.000939,441
random_interior_081,8.0561826,9.6915176,3.4101459,0.061045444,0.069438924,0.025521228,0.1560056,-0.1666387178,0.1666387178,-0.1319547523,0.1319547523,0.000936,441
random_interior_195,7.4211643,9.7969214,2.2662041,0.069694087,0.050112189,0.065861907,0.18566818,-0.1666796487,0.1666796487,-0.1299442259,0.1299442259,0.000808,441
random_interior_129,6.6136165,3.165519,8.3175245,0.020437425,0.053342032,0.081114147,0.1548936,-0.1668265292,0.1668265292,-0.1279932551,0.1279932551,0.001446,441
random_interior_010,4.1583195,8.3253708,6.957252,0.042897103,0.034356388,0.074816467,0.15206996,-0.1674495965,0.1674495965,-0.1321970355,0.1321970355,0.001618,441
random_interior_181,5.3832309,1.3861626,4.476087,0.069481376,0.077142592,0.055795381,0.20241935,-0.1675781831,0.1675781831,-0.1290313573,0.1290313573,0.000815,441
random_interior_433,4.6211987,1.4999077,8.1899812,0.086505128,0.021694672,0.084115949,0.19231575,-0.1677230368,0.1677230368,-0.1271453338,0.1271453338,0.000793,441
random_interior_474,8.4351682,8.7003541,3.270275,0.048103949,0.087609551,0.028289649,0.16400315,-0.1688366748,0.1688366748,-0.1315873726,0.1315873726,0.000778,441
random_interior_466,3.560259,7.6809629,9.7505391,0.094087766,0.064927885,0.033317149,0.1923328,-0.1695927783,0.1695927783,-0.1262818477,0.1262818477,0.000779,441
random_interior_018,5.606144,1.4408529,4.5585245,0.084568707,0.082425202,0.048341357,0.21533527,-0.1697447142,0.1697447142,-0.127457402,0.127457402,0.001295,441
random_interior_464,5.8234663,7.6939154,6.2053931,0.028138904,0.080054096,0.048254483,0.15644748,-0.1699963811,0.1699963811,-0.1311560503,0.1311560503,0.000782,441
random_interior_488,5.4991945,1.0924375,5.7385172,0.069968666,0.080546765,0.054980574,0.20549601,-0.1706390856,0.1706390856,-0.1307422732,0.1307422732,0.001350,441
random_interior_382,5.352479,7.4853958,8.0870176,0.040896932,0.060244534,0.036993395,0.13813486,-0.1709229457,0.1709229457,-0.1359515248,0.1359515248,0.000771,441
random_interior_229,5.5669949,2.7998628,4.2605967,0.056319639,0.093805421,0.046233309,0.19635837,-0.1710495337,0.1710495337,-0.1309974056,0.1309974056,0.000785,441
random_interior_015,6.2153611,6.3199885,2.4179191,0.05214847,0.086619145,0.046802988,0.1855706,-0.1715126199,0.1715126199,-0.1330571135,0.1330571135,0.001281,441
random_interior_194,8.2040388,6.0736769,6.2156303,0.085307503,0.037458047,0.02581386,0.14857941,-0.1720125862,0.1720125862,-0.1335916615,0.1335916615,0.000807,441
random_interior_041,4.487313,8.4950015,1.3279932,0.059191452,0.090188817,0.07183188,0.22121215,-0.1720767736,0.1720767736,-0.1326587667,0.1326587667,0.001267,441
random_interior_489,6.9760082,6.0318294,3.8964576,0.058039948,0.025321102,0.075156202,0.15851725,-0.1725969431,0.1725969431,-0.1362058043,0.1362058043,0.000938,441
random_interior_394,2.4125706,7.3798639,7.2746564,0.087783021,0.056961698,0.053481468,0.19822619,-0.1729252096,0.1729252096,-0.131663497,0.131663497,0.000789,441
random_interior_486,2.8147151,2.8124002,4.4314243,0.047561268,0.082513137,0.085672414,0.21574682,-0.1730150036,0.1730150036,-0.1309925478,0.1309925478,0.000865,441
random_interior_230,8.1351217,2.6224232,6.1412705,0.08082331,0.096758127,0.020085222,0.19766666,-0.1732338872,0.1732338872,-0.1281257866,0.1281257866,0.000776,441
random_interior_294,8.4835255,8.2672291,3.1094695,0.051279174,0.097104708,0.022998001,0.17138188,-0.1735669102,0.1735669102,-0.1339470448,0.1339470448,0.000765,441
random_interior_257,7.7629281,2.9665645,6.4434085,0.032954167,0.083244716,0.054796288,0.17099517,-0.1735919519,0.1735919519,-0.1326855449,0.1326855449,0.000771,441
random_interior_332,6.2734884,4.1010542,5.6466102,0.092956978,0.029596891,0.048149945,0.17070381,-0.173680249,0.173680249,-0.1320625375,0.1320625375,0.000831,441
random_interior_019,1.9614594,8.9772979,8.2510047,0.069682913,0.035590855,0.091728913,0.19700268,-0.1740445744,0.1740445744,-0.1331222011,0.1331222011,0.001180,441
random_interior_159,4.6439402,4.5841863,3.2162182,0.094141836,0.098715652,0.033420167,0.22627766,-0.1756120501,0.1756120501,-0.1263688573,0.1263688573,0.000821,441
random_interior_369,6.1759875,2.1823711,6.803971,0.055167886,0.052002748,0.048348425,0.15551906,-0.1760991431,0.1760991431,-0.1401040413,0.1401040413,0.000781,441
random_interior_099,5.8638354,9.5286882,3.0297068,0.07452563,0.036997448,0.082062646,0.19358572,-0.1763154599,0.1763154599,-0.1352169927,0.1352169927,0.000982,441
random_interior_231,1.6329395,7.4716736,3.4843447,0.065549884,0.093789123,0.062544154,0.22188316,-0.1776201816,0.1776201816,-0.1355786908,0.1355786908,0.000798,441
random_interior_005,7.985484,2.7232597,5.3548226,0.074505795,0.024751136,0.056498144,0.15575507,-0.1776633203,0.1776633203,-0.1396128911,0.1396128911,0.007705,441
random_interior_280,4.1401566,5.9147748,6.268086,0.037508066,0.083563758,0.044605865,0.16567769,-0.1777823031,0.1777823031,-0.1378162034,0.1378162034,0.000772,441
random_interior_337,2.5718583,6.7990755,6.4086246,0.065874759,0.043056526,0.059781414,0.1687127,-0.1783170752,0.1783170752,-0.141062548,0.141062548,0.000785,441
random_interior_389,9.2917792,9.2849678,3.242126,0.043324551,0.051793275,0.057916882,0.15303471,-0.1787417332,0.1787417332,-0.1408758831,0.1408758831,0.000813,441
random_interior_107,2.5007697,4.9637181,7.561082,0.080079796,0.069502418,0.037038801,0.18662102,-0.179078209,0.179078209,-0.1382458931,0.1382458931,0.001091,441
random_interior_379,6.9002273,3.9239282,2.4000135,0.076026857,0.038082234,0.087036119,0.20114521,-0.1796380745,0.1796380745,-0.1364417445,0.1364417445,0.000806,441
random_interior_288,1.9420606,5.2495573,2.0330187,0.076129423,0.099817775,0.094027626,0.26997482,-0.181643774,0.181643774,-0.1290289268,0.1290289268,0.000798,441
random_interior_465,2.3579561,2.7719366,2.9536977,0.066124354,0.081884515,0.096958935,0.2449678,-0.181771152,0.181771152,-0.1343763042,0.1343763042,0.000769,441
random_interior_315,6.4308099,3.2772199,3.9360231,0.086873605,0.052013558,0.0349661,0.17385326,-0.1823453965,0.1823453965,-0.140820952,0.140820952,0.000974,441
random_interior_319,9.3846052,7.1884263,1.3918271,0.075605061,0.059727637,0.051801399,0.1871341,-0.1842673744,0.1842673744,-0.1441588508,0.1441588508,0.000780,441
random_interior_235,7.50472,2.0432242,3.208599,0.082420077,0.054956128,0.046991951,0.18436816,-0.1843888803,0.1843888803,-0.1421935311,0.1421935311,0.000764,441
random_interior_440,6.9112855,5.5514329,2.2986356,0.042048485,0.078085078,0.089520827,0.20965439,-0.1856206603,0.1856206603,-0.1380278414,0.1380278414,0.000878,441
random_interior_367,4.8272824,8.9661018,1.4271886,0.079486502,0.070287484,0.065904165,0.21567815,-0.1865235515,0.1865235515,-0.1444783944,0.1444783944,0.000778,441
random_interior_438,9.1630352,2.2304299,5.4236129,0.031021634,0.061471348,0.072833951,0.16532693,-0.1874153003,0.1874153003,-0.1440514859,0.1440514859,0.000778,441
random_interior_448,2.1177029,5.5883399,5.2441387,0.088678058,0.062446251,0.058931437,0.21005575,-0.1875598621,0.1875598621,-0.1421802088,0.1421802088,0.000760,441
random_interior_182,4.4324799,1.0438523,9.1045166,0.09734939,0.071473806,0.083582808,0.252406,-0.1880399692,0.1880399692,-0.1333147031,0.1333147031,0.000846,441
random_interior_039,9.8906174,4.7374069,1.6892088,0.066601714,0.078163515,0.041051082,0.18581631,-0.1881388365,0.1881388365,-0.145213999,0.145213999,0.001265,441
random_interior_439,4.3638858,3.7932587,7.4135364,0.03417393,0.082612095,0.048754402,0.16554043,-0.1886162823,0.1886162823,-0.1455564522,0.1455564522,0.000779,441
random_interior_189,8.5278468,2.6487019,8.0612743,0.025778908,0.030847467,0.087376233,0.14400261,-0.1888344447,0.1888344447,-0.1453490577,0.1453490577,0.000783,441
random_interior_093,6.1209999,5.6223488,5.6317097,0.061053307,0.020310932,0.058237789,0.13960203,-0.1893839488,0.1893839488,-0.1515054142,0.1515054142,0.000904,441
random_interior_286,7.9099387,5.3515286,1.6256842,0.050817695,0.08963673,0.077268822,0.21772325,-0.1895473718,0.1895473718,-0.1408023888,0.1408023888,0.000915,441
random_interior_164,3.8022556,8.0435977,9.1721605,0.06705401,0.044027764,0.030264896,0.14134667,-0.1904588746,0.1904588746,-0.1516800459,0.1516800459,0.000805,441
random_interior_401,1.3865436,9.2525408,5.1898858,0.050226136,0.089067074,0.072302768,0.21159598,-0.1905141482,0.1905141482,-0.1449585603,0.1449585603,0.000848,441
random_interior_453,2.3942239,9.7903291,6.628069,0.074042725,0.069864718,0.037458367,0.18136581,-0.1917347574,0.1917347574,-0.148591281,0.148591281,0.000782,441
random_interior_177,4.4491111,7.2907996,7.9451849,0.091720563,0.030661431,0.041422799,0.16380479,-0.19469949,0.19469949,-0.1485619791,0.1485619791,0.000906,441
random_interior_052,5.8471666,1.4074838,8.1345808,0.03818544,0.035034106,0.087105949,0.16032549,-0.1947309279,0.1947309279,-0.1517976358,0.1517976358,0.001140,441
random_interior_036,2.2463606,5.9475796,8.4181385,0.082283575,0.091759421,0.030811487,0.20485448,-0.1957115261,0.1957115261,-0.146971692,0.146971692,0.001536,441
random_interior_094,6.755101,3.3784439,2.2237949,0.057614455,0.055328119,0.071655267,0.18459784,-0.1957127471,0.1957127471,-0.1524036017,0.1524036017,0.000909,441
random_interior_008,2.7105498,2.7696249,4.336145,0.043871734,0.075707595,0.086298096,0.20587743,-0.1959436906,0.1959436906,-0.1490786634,0.1490786634,0.024241,441
random_interior_456,6.0491796,1.3377342,6.7066686,0.049903212,0.049168283,0.062649538,0.16172103,-0.196229451,0.196229451,-0.1552354678,0.1552354678,0.000766,441
random_interior_346,4.5510101,7.69844,8.598474,0.071081451,0.041265535,0.025291055,0.13763804,-0.1982499423,0.1982499423,-0.1577452237,0.1577452237,0.000789,441
random_interior_393,7.2112471,1.2730456,9.9222487,0.091612021,0.070886076,0.025282525,0.18778062,-0.1994070016,0.1994070016,-0.1477097474,0.1477097474,0.000790,441
random_interior_287,7.6292189,2.626318,2.3270392,0.070757667,0.047724342,0.062581284,0.18106329,-0.199441489,0.199441489,-0.1555611742,0.1555611742,0.000888,441
random_interior_390,5.4751286,3.6805734,6.0277142,0.03956228,0.040417362,0.064277252,0.14425689,-0.1996374016,0.1996374016,-0.1586952591,0.1586952591,0.000786,441
random_interior_399,3.7833542,8.8218247,8.0154392,0.099268741,0.059466227,0.035116398,0.19385137,-0.1996564656,0.1996564656,-0.1459126959,0.1459126959,0.000787,441
random_interior_321,5.7063483,9.2519927,4.5115796,0.039571739,0.040489967,0.072673563,0.15273527,-0.1996724458,0.1996724458,-0.156729917,0.156729917,0.000778,441
random_interior_025,2.1853529,1.9261904,6.6909416,0.077176675,0.077161542,0.05667505,0.21101327,-0.2005398072,0.2005398072,-0.1530534406,0.1530534406,0.001638,441
random_interior_057,2.5753619,9.7503454,7.4277613,0.084332091,0.081922543,0.025442031,0.19169666,-0.2005719006,0.2005719006,-0.1516847349,0.1516847349,0.001089,441
random_interior_021,6.8504407,2.4540032,8.1307057,0.065973851,0.038500954,0.035537728,0.14001253,-0.2019076639,0.2019076639,-0.1613379468,0.1613379468,0.001380,441
random_interior_359,6.9728891,1.724056,5.963572,0.034712002,0.062963583,0.064929045,0.16260463,-0.2030518622,0.2030518622,-0.1580104226,0.1580104226,0.000944,441
random_interior_027,2.9370487,8.7574748,8.9353583,0.088982287,0.077180245,0.022703012,0.18886554,-0.2032344365,0.2032344365,-0.152275859,0.152275859,0.001183,441
random_interior_355,8.096767,5.689618,3.6631829,0.027515861,0.074375708,0.060155705,0.16204727,-0.2033928032,0.2033928032,-0.1561484992,0.1561484992,0.000778,441
random_interior_434,3.7900669,9.0544961,5.5416103,0.023541954,0.073457733,0.070891801,0.16789149,-0.2033985433,0.2033985433,-0.1549971542,0.1549971542,0.000852,441
random_interior_285,8.9703425,6.3858378,4.5154272,0.024290012,0.063271754,0.099693353,0.18725512,-0.2035290614,0.2035290614,-0.1478797953,0.1478797953,0.000800,441
random_interior_447,5.962037,3.0228565,3.637578,0.034156979,0.076040097,0.075048111,0.18524519,-0.2046626174,0.2046626174,-0.1559222623,0.1559222623,0.000775,441
random_interior_138,5.5267762,1.5035651,2.91192,0.081435476,0.08679541,0.095692602,0.26392349,-0.2049314198,0.2049314198,-0.1438637557,0.1438637557,0.000805,441
random_interior_450,2.1616406,6.5797241,6.903358,0.091106849,0.062422939,0.048108213,0.201638,-0.2051173943,0.2051173943,-0.1545767729,0.1545767729,0.000799,441
random_interior_032,2.8176794,2.639944,5.9280189,0.053872916,0.068560459,0.051999168,0.17443254,-0.2069564609,0.2069564609,-0.1625651329,0.1625651329,0.001422,441
random_interior_261,2.69693,5.7801763,4.3227051,0.094753244,0.040330544,0.080810521,0.21589431,-0.207649902,0.207649902,-0.1541727993,0.1541727993,0.000794,441
random_interior_497,7.8439882,1.5456855,3.0435833,0.062562764,0.052431479,0.092538915,0.20753316,-0.2084751258,0.2084751258,-0.1565973054,0.1565973054,0.001457,441
random_interior_339,2.2433076,4.0558014,2.9284436,0.048832318,0.091815996,0.074329278,0.21497759,-0.2096141434,0.2096141434,-0.1591786072,0.1591786072,0.000778,441
random_interior_380,5.5556714,6.6778434,9.5444311,0.043994996,0.034559523,0.042019619,0.12057414,-0.2096176282,0.2096176282,-0.1689060966,0.1689060966,0.000792,441
random_interior_278,3.7136562,1.8795457,6.0739493,0.036292638,0.059696073,0.082309654,0.17829836,-0.2103517296,0.2103517296,-0.1623526584,0.1623526584,0.000771,441
random_interior_243,5.9749835,3.3436749,2.5124305,0.055541895,0.053291597,0.097018264,0.20585176,-0.2109996009,0.2109996009,-0.158597872,0.158597872,0.000776,441
random_interior_483,8.8502502,3.6299694,2.2892982,0.084074653,0.046063214,0.043620565,0.17375843,-0.2120578982,0.2120578982,-0.1634093702,0.1634093702,0.000800,441
random_interior_343,8.4471534,8.1583003,2.4926777,0.028660623,0.093904415,0.066711054,0.18927609,-0.2121249202,0.2121249202,-0.1579174491,0.1579174491,0.000834,441
random_interior_499,4.7746812,1.4937222,4.5439014,0.097994406,0.087256765,0.056970045,0.24222122,-0.2122999527,0.2122999527,-0.1495393506,0.1495393506,0.001579,441
random_interior_334,7.065466,1.8500976,2.6628978,0.068634159,0.094135371,0.050963494,0.21373302,-0.212634225,0.212634225,-0.1595977414,0.1595977414,0.000823,441
random_interior_381,7.6050717,3.3545872,7.495632,0.054250878,0.022686781,0.051085066,0.12802272,-0.21311267,0.21311267,-0.1711821175,0.1711821175,0.000784,441
random_interior_345,9.951696,8.2522707,5.1420648,0.041732041,0.039990559,0.039904789,0.12162739,-0.214152951,0.214152951,-0.1715885085,0.1715885085,0.000790,441
random_interior_301,5.9937989,1.2474116,7.7974414,0.094305044,0.027179582,0.055980607,0.17746523,-0.2146626186,0.2146626186,-0.1614571739,0.1614571739,0.000775,441
random_interior_498,5.701632,2.6339097,6.7758324,0.021360013,0.095532406,0.094192494,0.21108491,-0.2150085763,0.2150085763,-0.1541437864,0.1541437864,0.004328,441
random_interior_417,9.7959105,8.4004048,2.0732078,0.095943351,0.037831185,0.053753196,0.18752773,-0.2153772165,0.2153772165,-0.1586324879,0.1586324879,0.000771,441
random_interior_166,6.4387695,6.5438813,2.6997436,0.069594858,0.022502749,0.071623892,0.1637215,-0.216058118,0.216058118,-0.1697506835,0.1697506835,0.000808,441
random_interior_356,8.6825141,5.3875181,2.2062725,0.050929121,0.046032007,0.064818575,0.1617797,-0.2166912826,0.2166912826,-0.1705499686,0.1705499686,0.000774,441
random_interior_162,9.7570772,7.5524194,5.0181333,0.030863487,0.028825567,0.067628911,0.12731796,-0.2168464312,0.2168464312,-0.1707676303,0.1707676303,0.000829,441
random_interior_009,5.9120873,1.9516484,8.8592899,0.084216432,0.031832898,0.036441192,0.15249052,-0.2200216455,0.2200216455,-0.1711201317,0.1711201317,0.013266,441
random_interior_347,3.5893272,3.3943503,8.6364382,0.092756592,0.040052431,0.041439772,0.1742488,-0.2207974343,0.2207974343,-0.1675306612,0.1675306612,0.000787,441
random_interior_042,3.0602478,9.2747815,9.8262598,0.049443751,0.034896646,0.047040225,0.13138062,-0.2209090335,0.2209090335,-0.1770562068,0.1770562068,0.001338,441
random_interior_192,5.7240967,1.500036,3.5708395,0.049767525,0.053494807,0.087128351,0.19039068,-0.2215576862,0.2215576862,-0.1701603251,0.1701603251,0.000808,441
random_interior_325,2.6955274,4.5248741,4.9769444,0.047899436,0.054810335,0.061228859,0.16393863,-0.2220023909,0.2220023909,-0.1754482331,0.1754482331,0.000768,441
random_interior_187,9.6034124,2.7993932,1.6347929,0.081685181,0.08710509,0.0388211,0.20761137,-0.2237248685,0.2237248685,-0.1667657763,0.1667657763,0.000885,441
random_interior_427,8.131709,2.0185466,1.8426792,0.067155157,0.057414394,0.081117512,0.20568706,-0.2241841494,0.2241841494,-0.1698650319,0.1698650319,0.000833,441
random_interior_370,4.1959615,1.3141675,4.3709743,0.059206789,0.040077303,0.088650481,0.18793457,-0.2245088788,0.2245088788,-0.1738613455,0.1738613455,0.000777,441
random_interior_017,5.2819946,7.9479183,2.3658987,0.044381767,0.060712562,0.087563062,0.19265739,-0.2247677776,0.2247677776,-0.1707285984,0.1707285984,0.001730,441
random_interior_170,9.3495931,1.7141003,3.1523983,0.056412259,0.040046446,0.075901144,0.17235985,-0.2251538707,0.2251538707,-0.1747933301,0.1747933301,0.000834,441
random_interior_204,4.5514437,3.7855187,8.5621483,0.047518212,0.068558864,0.023776376,0.13985345,-0.2271823457,0.2271823457,-0.1805988108,0.1805988108,0.000836,441
random_interior_392,5.8397032,5.923392,6.1842039,0.027357283,0.034718647,0.069198996,0.13127493,-0.2274749323,0.2274749323,-0.1793406395,0.1793406395,0.000782,441
random_interior_156,1.5280114,5.1121138,7.5344374,0.042590067,0.083083144,0.057550279,0.18322349,-0.2283153132,0.2283153132,-0.1759653615,0.1759653615,0.000810,441
random_interior_126,6.6372219,5.5380155,3.5242618,0.0777189,0.026841381,0.045073751,0.14963403,-0.2292929927,0.2292929927,-0.1806869935,0.1806869935,0.000826,441
random_interior_324,7.5238425,3.4872664,3.752677,0.085367311,0.042049083,0.028761697,0.15617809,-0.2311050577,0.2311050577,-0.1793028426,0.1793028426,0.000797,441
random_interior_297,4.8859582,3.2225029,6.2469248,0.035726643,0.086056709,0.038551088,0.16033444,-0.2319700103,0.2319700103,-0.1791838022,0.1791838022,0.000773,441
random_interior_316,1.7361643,8.0324118,5.4695877,0.045652405,0.060760208,0.072594131,0.17900674,-0.2334624784,0.2334624784,-0.1815779426,0.1815779426,0.000815,441
random_interior_088,1.6651602,7.5750109,4.4149304,0.067013058,0.051142568,0.094248034,0.21240366,-0.2341958248,0.2341958248,-0.1771452386,0.1771452386,0.001119,441
random_interior_479,1.9002297,8.1834081,5.0911899,0.098797016,0.059426755,0.087540473,0.24576424,-0.2342102797,0.2342102797,-0.1647666641,0.1647666641,0.000786,441
random_interior_080,5.9528878,5.1707288,1.0046882,0.069222774,0.080598092,0.034870829,0.18469169,-0.2356401466,0.2356401466,-0.1876036701,0.1876036701,0.000921,441
random_interior_460,4.7337722,3.2879455,9.0675101,0.024753402,0.089104882,0.048878095,0.16273638,-0.2360952429,0.2360952429,-0.1777918019,0.1777918019,0.000806,441
random_interior_200,7.0313747,5.2496921,3.6391338,0.041451275,0.076181363,0.029069105,0.14670174,-0.2376430328,0.2376430328,-0.1871398235,0.1871398235,0.000798,441
random_interior_205,5.0671682,7.134348,2.1369166,0.083645618,0.034812155,0.063645178,0.18210295,-0.2377558174,0.2377558174,-0.184076661,0.184076661,0.000780,441
random_interior_023,2.6015302,2.6748867,9.703856,0.029626646,0.059008182,0.068845427,0.15748025,-0.2407029962,0.2407029962,-0.1871152149,0.1871152149,0.002388,441
random_interior_160,5.2898809,4.8701207,2.7851347,0.044888119,0.051771217,0.099732094,0.19639143,-0.2418541147,0.2418541147,-0.180948965,0.180948965,0.001008,441
random_interior_361,1.9062659,5.1809043,8.6402203,0.076676063,0.030277749,0.056486971,0.16344078,-0.2420194662,0.2420194662,-0.1898989195,0.1898989195,0.000803,441
random_interior_313,2.5160126,6.9191128,5.5496511,0.042521759,0.037017323,0.082503335,0.16204242,-0.2422817536,0.2422817536,-0.189339935,0.189339935,0.000790,441
random_interior_492,6.2026479,3.6143915,6.5951425,0.035421879,0.088249503,0.026112135,0.14978352,-0.2445807919,0.2445807919,-0.1891503397,0.1891503397,0.001844,441
random_interior_418,3.6777423,3.2824574,6.5064658,0.082437528,0.047033454,0.028607704,0.15807869,-0.2447993123,0.2447993123,-0.1913180046,0.1913180046,0.000777,441
random_interior_049,6.0705727,7.7605933,4.0857405,0.045246547,0.020013433,0.078500686,0.14376066,-0.2449087352,0.2449087352,-0.1925276011,0.1925276011,0.001259,441
random_interior_221,8.6868498,3.8003753,1.2410193,0.084540712,0.06092918,0.034738607,0.1802085,-0.2455053294,0.2455053294,-0.1917919752,0.1917919752,0.000767,441
random_interior_127,9.8135677,1.2034931,8.8845559,0.046899353,0.087277649,0.028307576,0.16248458,-0.2455491129,0.2455491129,-0.1886459937,0.1886459937,0.001049,441
random_interior_406,9.702995,1.4506388,9.5989172,0.027203533,0.08184352,0.047748679,0.15679573,-0.2461558783,0.2461558783,-0.1866896688,0.1866896688,0.000790,441
random_interior_421,9.6307139,1.3390065,7.7025154,0.026231405,0.042592588,0.068907631,0.13773162,-0.2463103619,0.2463103619,-0.1927956358,0.1927956358,0.000762,441
random_interior_031,2.5996929,7.5803064,2.1094642,0.044853125,0.081165207,0.081356848,0.20737518,-0.2469563394,0.2469563394,-0.1871778866,0.1871778866,0.001412,441
random_interior_089,9.0317423,2.8921769,4.7340455,0.04257357,0.024858332,0.0990319,0.1664638,-0.2470840464,0.2470840464,-0.1850120387,0.1850120387,0.000976,441
random_interior_199,2.4718022,2.6381794,8.4652211,0.02234994,0.067794253,0.082064307,0.1722085,-0.2472007851,0.2472007851,-0.1873776747,0.1873776747,0.000815,441
random_interior_066,5.0824692,2.8862658,9.8791778,0.057530277,0.041367881,0.030820466,0.12971862,-0.2488197239,0.2488197239,-0.2000261244,0.2000261244,0.001072,441
random_interior_304,5.324677,1.8258584,3.7560103,0.04927312,0.05929497,0.054538035,0.16310613,-0.2488795684,0.2488795684,-0.1964134788,0.1964134788,0.000783,441
random_interior_249,9.4500176,2.1613372,7.7602641,0.096115245,0.099497017,0.040126857,0.23573912,-0.2505190631,0.2505190631,-0.1532895615,0.1532895615,0.000833,441
random_interior_085,6.0940666,1.6695616,2.9240106,0.047629039,0.07013225,0.060349124,0.17811041,-0.2509861436,0.2509861436,-0.1950165501,0.1950165501,0.000915,441
random_interior_387,8.0133696,5.4872748,1.7447485,0.05054242,0.086304686,0.033526173,0.17037328,-0.2513268534,0.2513268534,-0.1953107524,0.1953107524,0.000787,441
random_interior_292,9.2447852,9.3319852,2.2793371,0.040563155,0.050170317,0.086055108,0.17678858,-0.2535330169,0.2535330169,-0.1916373542,0.1916373542,0.000771,441
random_interior_495,7.2688974,3.3977574,4.8884743,0.033280313,0.076248769,0.035070678,0.14459976,-0.253615584,0.253615584,-0.1981054084,0.1981054084,0.001613,441
random_interior_322,1.6515564,8.6666751,5.4767147,0.090228319,0.065310946,0.054526209,0.21006547,-0.2545638493,0.2545638493,-0.1905441835,0.1905441835,0.000792,441
random_interior_202,3.7056206,7.0122734,1.6095338,0.039114021,0.08892822,0.095498254,0.22354049,-0.2560806125,0.2560806125,-0.1849990672,0.1849990672,0.000799,441
random_interior_227,4.400625,6.3869703,2.4936231,0.058922992,0.046035093,0.053002467,0.15796055,-0.259122382,0.259122382,-0.2062734214,0.2062734214,0.000766,441
random_interior_185,3.8380872,8.8742142,1.8221207,0.055523036,0.094039588,0.036241815,0.18580444,-0.2596698522,0.2596698522,-0.2011930315,0.2011930315,0.000799,441
random_interior_143,3.883456,5.404681,3.2047982,0.030240291,0.063406712,0.083163721,0.17681072,-0.259899644,0.259899644,-0.1983652255,0.1983652255,0.001023,441
random_interior_357,1.340184,2.4601546,4.8086957,0.046933278,0.09400056,0.082808425,0.22374226,-0.2601055012,0.2601055012,-0.194995408,0.194995408,0.000780,441
random_interior_158,4.7147986,8.7537743,5.974674,0.023439056,0.080698134,0.037396553,0.14153374,-0.2608971129,0.2608971129,-0.2007255578,0.2007255578,0.000784,441
random_interior_262,9.1035984,7.6831154,5.3630181,0.020416358,0.038534304,0.05825195,0.11720261,-0.2633192167,0.2633192167,-0.2069686229,0.2069686229,0.000798,441
random_interior_238,5.1906643,3.1712978,2.1173881,0.03976268,0.075848894,0.068507061,0.18411864,-0.267295786,0.267295786,-0.2054209262,0.2054209262,0.000766,441
random_interior_299,7.2972125,1.9357105,8.1564684,0.051776008,0.055879256,0.023156391,0.13081165,-0.2691558643,0.2691558643,-0.2158135623,0.2158135623,0.000778,441
random_interior_372,9.6809451,7.5121295,1.5814014,0.038437824,0.063675955,0.079887558,0.18200134,-0.2705034953,0.2705034953,-0.2045804962,0.2045804962,0.000811,441
random_interior_416,4.2815861,4.1785794,2.7318363,0.07093886,0.06016292,0.027985519,0.1590873,-0.2707046466,0.2707046466,-0.214581135,0.214581135,0.000770,441
random_interior_328,5.3009172,8.6182441,1.0556419,0.094247646,0.051491068,0.061728772,0.20746749,-0.2714702111,0.2714702111,-0.2052047326,0.2052047326,0.000768,441
random_interior_223,6.8874145,1.3890393,3.3754448,0.072977905,0.05694084,0.033061755,0.1629805,-0.2719562495,0.2719562495,-0.2139621259,0.2139621259,0.000769,441
random_interior_154,8.0164131,9.1194964,7.5981622,0.035749519,0.045886095,0.025215545,0.10685116,-0.2723187843,0.2723187843,-0.218691198,0.218691198,0.000806,441
random_interior_142,6.965157,2.3421866,2.5854834,0.041722345,0.088594674,0.058954307,0.18927133,-0.27277975,0.27277975,-0.2067807029,0.2067807029,0.000791,441
random_interior_246,3.3651184,1.790336,8.3625083,0.083151002,0.083970768,0.023195296,0.19031707,-0.2747101641,0.2747101641,-0.2064584583,0.2064584583,0.000786,441
random_interior_176,6.2129453,9.1250718,2.2456442,0.098545094,0.037797418,0.054002843,0.19034536,-0.2785315496,0.2785315496,-0.2048682133,0.2048682133,0.000799,441
random_interior_101,4.7432465,9.3156467,1.9662255,0.09095702,0.071054039,0.026537761,0.18854882,-0.2790860837,0.2790860837,-0.2107695507,0.2107695507,0.000910,441
random_interior_398,1.6599787,5.3866028,3.0962614,0.037209001,0.08057175,0.086785786,0.20456654,-0.2796498083,0.2796498083,-0.2110564085,0.2110564085,0.000809,441
random_interior_252,4.1038225,5.274065,5.2536619,0.035117348,0.049833036,0.048616283,0.13356667,-0.2832796032,0.2832796032,-0.2255955844,0.2255955844,0.000782,441
random_interior_122,4.2403675,1.4714473,2.7655674,0.054866807,0.071070037,0.05292094,0.17885778,-0.2853790575,0.2853790575,-0.2232275826,0.2232275826,0.000830,441
random_interior_209,3.1442577,7.1807512,4.3331638,0.099274814,0.052432275,0.039940079,0.19164717,-0.2873439102,0.2873439102,-0.2118908436,0.2118908436,0.000760,441
random_interior_330,3.2173741,6.8185574,3.5542509,0.029323257,0.079612101,0.055969587,0.16490495,-0.2879354753,0.2879354753,-0.2217296414,0.2217296414,0.000777,441
random_interior_308,3.8829345,4.8747679,1.2907733,0.059108541,0.064469458,0.063634881,0.18721288,-0.2880565068,0.2880565068,-0.2253905296,0.2253905296,0.000808,441
random_interior_103,1.2846941,6.4450265,1.4372056,0.043979181,0.096949253,0.084957041,0.22588548,-0.2882151213,0.2882151213,-0.2174718071,0.2174718071,0.001071,441
random_interior_026,8.7320274,7.0426877,3.1776644,0.051862607,0.052650651,0.022278739,0.126792,-0.2900305998,0.2900305998,-0.2326867901,0.2326867901,0.001227,441
random_interior_419,6.6342724,3.4506512,6.9059205,0.023393435,0.027063338,0.070132124,0.1205889,-0.2901918189,0.2901918189,-0.2285776526,0.2285776526,0.000779,441
random_interior_265,1.150207,9.6733259,7.3920656,0.052890583,0.060318001,0.054784886,0.16799347,-0.2907067158,0.2907067158,-0.2288230943,0.2288230943,0.000765,441
random_interior_302,8.1212531,6.0738541,1.9803277,0.041324924,0.082371054,0.031383314,0.15507929,-0.293072327,0.293072327,-0.2284692179,0.2284692179,0.000777,441
random_interior_375,1.0634787,4.9234594,6.4179091,0.082918565,0.037660885,0.097723334,0.21830279,-0.294452127,0.294452127,-0.2194061789,0.2194061789,0.000765,441
random_interior_233,5.6759907,4.7223758,5.0201603,0.031652607,0.031873925,0.061984518,0.12551105,-0.2948959902,0.2948959902,-0.2347214468,0.2347214468,0.000811,441
random_interior_224,2.7950077,3.2412666,2.2218461,0.054755287,0.053274347,0.096438547,0.20446818,-0.2956816137,0.2956816137,-0.2242245621,0.2242245621,0.000762,441
random_interior_083,4.6787193,7.2446241,4.3709022,0.028500591,0.055570029,0.050026902,0.13409752,-0.2957560831,0.2957560831,-0.2332212444,0.2332212444,0.000947,441
random_interior_153,1.9081396,4.7653904,1.2986648,0.098521733,0.09449953,0.080496779,0.27351804,-0.2976271777,0.2976271777,-0.20548179,0.20548179,0.000821,441
random_interior_472,1.792376,8.1631803,3.9471718,0.040477256,0.063403203,0.096478053,0.20035851,-0.3021975035,0.3021975035,-0.225105227,0.225105227,0.000786,441
random_interior_197,9.4580879,7.1158796,1.5694984,0.02991127,0.08453716,0.083391389,0.19783982,-0.3026398299,0.3026398299,-0.2200161823,0.2200161823,0.001022,441
random_interior_121,6.832095,3.7743795,1.5868448,0.079285922,0.058383324,0.025366255,0.1630355,-0.3082053785,0.3082053785,-0.2416226252,0.2416226252,0.001013,441
random_interior_358,2.208355,3.423374,3.9953303,0.0241189,0.079642958,0.096435825,0.20019768,-0.3113937659,0.3113937659,-0.2289705197,0.2289705197,0.000781,441
random_interior_013,2.638929,7.6613318,7.5299614,0.024242765,0.030844771,0.080310888,0.13539842,-0.3154985392,0.3154985392,-0.2445472972,0.2445472972,0.001463,441
random_interior_241,2.9915024,2.3792495,4.9233724,0.027527851,0.056662471,0.074281549,0.15847187,-0.3160236999,0.3160236999,-0.2451272646,0.2451272646,0.000867,441
random_interior_071,4.1801054,1.0260876,5.2829541,0.092710958,0.097534954,0.099556481,0.28980239,-0.3231740242,0.3231740242,-0.2073487826,0.2073487826,0.000920,441
random_interior_097,1.3782941,3.3830764,6.8309041,0.098725522,0.05316077,0.068137851,0.22002414,-0.3236711783,0.3236711783,-0.2368900561,0.2368900561,0.000975,441
random_interior_232,1.9904111,2.444167,1.0768459,0.076141895,0.092170436,0.073001113,0.24131344,-0.3239411012,0.3239411012,-0.241818511,0.241818511,0.001053,441
random_interior_128,3.8264046,3.2482928,2.6543492,0.060123691,0.026000149,0.098630548,0.18475439,-0.3246698152,0.3246698152,-0.2465116225,0.2465116225,0.001597,441
random_interior_131,8.4044032,6.0814831,6.5578637,0.041416938,0.024083284,0.038802032,0.10430225,-0.3252438932,0.3252438932,-0.2620045775,0.2620045775,0.000919,441
random_interior_123,1.7354486,5.6714494,7.0308709,0.078358966,0.046495709,0.033495897,0.15835057,-0.3272863501,0.3272863501,-0.2561063003,0.2561063003,0.000819,441
random_interior_351,3.9590538,2.0835934,7.7053043,0.023283701,0.035510601,0.074411208,0.13320551,-0.328983713,0.328983713,-0.2579964153,0.2579964153,0.001064,441
random_interior_284,2.0032535,9.2727319,6.3453524,0.098445989,0.078136564,0.031213072,0.20779562,-0.3306164493,0.3306164493,-0.2374596802,0.2374596802,0.000844,441
random_interior_412,2.5240663,1.9354229,7.5202856,0.058914705,0.021784064,0.062910992,0.14360976,-0.3321143469,0.3321143469,-0.265488856,0.265488856,0.000784,441
random_interior_254,8.3501949,5.2527327,1.3938414,0.072030013,0.035536029,0.045777528,0.15334357,-0.3325088761,0.3325088761,-0.2625235389,0.2625235389,0.000783,441
random_interior_415,9.6860492,3.7363129,3.8978426,0.032111162,0.042981776,0.045776481,0.12086942,-0.3366666666,0.3366666666,-0.2678470663,0.2678470663,0.000767,441
random_interior_033,8.4430654,6.1671877,1.8984938,0.043591066,0.075222643,0.023747274,0.14256098,-0.3367761295,0.3367761295,-0.2656995706,0.2656995706,0.001183,441
random_interior_251,2.2295787,4.6591561,8.7657779,0.026950269,0.090430641,0.041430384,0.15881129,-0.3375528337,0.3375528337,-0.2545972703,0.2545972703,0.000790,441
random_interior_477,4.8303317,5.6939939,6.641013,0.035029015,0.039763008,0.038879122,0.11367114,-0.341549546,0.341549546,-0.2745092537,0.2745092537,0.000893,441
random_interior_106,9.3187307,2.2375723,6.9168622,0.03086019,0.029871039,0.052209809,0.11294104,-0.3441226933,0.3441226933,-0.2746805935,0.2746805935,0.000932,441
random_interior_242,1.2504208,8.1211464,2.2058126,0.075089968,0.056481209,0.068291419,0.1998626,-0.3455290185,0.3455290185,-0.2703511488,0.2703511488,0.000780,441
random_interior_455,3.4248085,8.3196548,1.0531491,0.090527953,0.050331413,0.057038533,0.1978979,-0.3513272312,0.3513272312,-0.2699107121,0.2699107121,0.000776,441
random_interior_409,1.3748137,4.59653,9.3364545,0.025051642,0.074082524,0.057534965,0.15666913,-0.3532869231,0.3532869231,-0.2703734425,0.2703734425,0.000773,441
random_interior_454,4.705233,2.4291824,2.7240105,0.035368769,0.043349023,0.085647956,0.16436575,-0.3533376761,0.3533376761,-0.2726077988,0.2726077988,0.000771,441
random_interior_377,4.9804986,1.9011818,3.7113476,0.044131131,0.057095772,0.042194828,0.14342173,-0.3534606271,0.3534606271,-0.2814267336,0.2814267336,0.001080,441
random_interior_360,2.2042511,8.1241146,1.5802023,0.046871051,0.08118796,0.055094685,0.1831537,-0.3552135625,0.3552135625,-0.279888081,0.279888081,0.000807,441
random_interior_108,7.9943827,9.1623092,1.3987711,0.095704128,0.023357011,0.076177122,0.19523826,-0.3562664898,0.3562664898,-0.2584270325,0.2584270325,0.000928,441
random_interior_248,1.6121997,1.5016642,8.8816256,0.062229162,0.083427557,0.039374184,0.1850309,-0.3582224852,0.3582224852,-0.2763229456,0.2763229456,0.000770,441
random_interior_353,6.5282571,3.3001781,2.2788363,0.022670352,0.068586554,0.080200137,0.17145704,-0.3595400106,0.3595400106,-0.2707935793,0.2707935793,0.000807,441
random_interior_070,7.644931,1.3666188,1.5964027,0.068941678,0.035343417,0.065871339,0.17015643,-0.3602186558,0.3602186558,-0.2861255307,0.2861255307,0.000933,441
random_interior_210,4.1384262,8.6239189,2.680825,0.066685668,0.042237151,0.032755682,0.1416785,-0.3620135913,0.3620135913,-0.2886201076,0.2886201076,0.000761,441
random_interior_007,9.948634,5.4702075,3.0777404,0.029403243,0.024280108,0.075402304,0.12908566,-0.3629838895,0.3629838895,-0.2812729483,0.2812729483,0.011835,441
random_interior_441,3.1444693,3.8427493,7.8555255,0.038726798,0.064350225,0.024791802,0.12786883,-0.3639246024,0.3639246024,-0.2894457049,0.2894457049,0.000783,441
random_interior_029,7.9040955,3.763373,2.8089912,0.020420696,0.085361626,0.056370008,0.16215233,-0.3681431328,0.3681431328,-0.2763319666,0.2763319666,0.001337,441
random_interior_445,6.302963,3.1578029,1.7056737,0.06546965,0.026408391,0.059648934,0.15152698,-0.3684726531,0.3684726531,-0.2923146368,0.2923146368,0.000768,441
random_interior_188,1.7728808,9.6759094,3.1112889,0.058636944,0.088351584,0.023413878,0.17040241,-0.3685872246,0.3685872246,-0.2908563285,0.2908563285,0.000789,441
random_interior_436,2.1836271,3.730125,7.4501304,0.034700412,0.059626785,0.042045857,0.13637305,-0.3694468482,0.3694468482,-0.2924877487,0.2924877487,0.000800,441
random_interior_167,7.2020539,2.8202507,1.0255975,0.088674234,0.037439858,0.09786498,0.22397907,-0.3756659374,0.3756659374,-0.2683056429,0.2683056429,0.000805,441
random_interior_030,5.2185427,7.5817764,2.2935964,0.05779273,0.021475827,0.056725291,0.13599385,-0.3759731869,0.3759731869,-0.3006630724,0.3006630724,0.001336,441
random_interior_061,7.4643703,5.9548374,1.6573636,0.04443915,0.052006264,0.042324551,0.13876996,-0.3762435165,0.3762435165,-0.2998604845,0.2998604845,0.001134,441
random_interior_180,3.6563139,1.3118743,2.2818096,0.044458752,0.058431434,0.093807064,0.19669725,-0.3772181854,0.3772181854,-0.2857553941,0.2857553941,0.000790,441
random_interior_317,3.2522184,5.7545742,1.9410153,0.068133741,0.050153052,0.037641127,0.15592792,-0.3772422939,0.3772422939,-0.299948861,0.299948861,0.000800,441
random_interior_457,7.1445792,3.4084273,2.9329816,0.045998732,0.025249052,0.056190891,0.12743868,-0.3776188233,0.3776188233,-0.3023593233,0.3023593233,0.000767,441
random_interior_443,2.0477027,2.7024458,7.2398446,0.049287096,0.060169702,0.03329799,0.14275479,-0.3780871767,0.3780871767,-0.3008727416,0.3008727416,0.000921,441
random_interior_051,2.3881043,8.56,8.2104725,0.061230741,0.027658663,0.03284492,0.12173432,-0.3812159345,0.3812159345,-0.305561289,0.305561289,0.001096,441
random_interior_378,9.4854746,2.2151372,1.3952369,0.065065682,0.026304607,0.067456735,0.15882702,-0.3842214404,0.3842214404,-0.3049317558,0.3049317558,0.000891,441
random_interior_219,5.335017,4.5591798,2.0452708,0.047604872,0.048214023,0.043486205,0.1393051,-0.3862842621,0.3862842621,-0.3090526479,0.3090526479,0.000797,441
random_interior_198,5.8889975,9.6561561,6.1762934,0.027408466,0.031861569,0.042256387,0.10152642,-0.3995642539,0.3995642539,-0.3189928751,0.3189928751,0.000838,441
random_interior_145,1.0073498,8.2014684,8.1016857,0.094597192,0.033703668,0.07536673,0.20366759,-0.4003648559,0.4003648559,-0.3008017179,0.3008017179,0.000833,441
random_interior_203,5.3680584,5.421836,4.5880705,0.024056883,0.032506543,0.058141935,0.11470536,-0.4021808165,0.4021808165,-0.3189558887,0.3189558887,0.000875,441
random_interior_062,6.4663636,9.5285915,3.0000034,0.096273844,0.023533596,0.036764221,0.15657166,-0.4075209974,0.4075209974,-0.3021765274,0.3021765274,0.001157,441
random_interior_133,5.0103695,8.8060082,3.4796756,0.021483825,0.082525947,0.032862332,0.1368721,-0.408705806,0.408705806,-0.3133055895,0.3133055895,0.000817,441
random_interior_135,4.3981942,6.4429042,1.1684895,0.036469133,0.071611963,0.063553613,0.17163471,-0.4115477746,0.4115477746,-0.3224283844,0.3224283844,0.000824,441
random_interior_368,2.7917858,9.9557002,5.8908814,0.069721029,0.037706079,0.021985331,0.12941244,-0.4116574022,0.4116574022,-0.3264830118,0.3264830118,0.000884,441
random_interior_452,5.1238375,2.8915863,4.0402704,0.028873745,0.059146548,0.040113401,0.12813369,-0.4164418169,0.4164418169,-0.3298215175,0.3298215175,0.000799,441
random_interior_137,1.3553591,7.5308149,4.2199491,0.070374582,0.020812697,0.079031474,0.17021875,-0.4191166582,0.4191166582,-0.3266710701,0.3266710701,0.000803,441
random_interior_352,4.1622721,9.5506123,2.7319359,0.024226286,0.055231476,0.076090953,0.15554872,-0.4266412078,0.4266412078,-0.3247946504,0.3247946504,0.000828,441
random_interior_255,2.9601577,6.5623314,1.9962526,0.078816008,0.027311593,0.099715493,0.20584309,-0.4308763677,0.4308763677,-0.316208362,0.316208362,0.000775,441
random_interior_289,4.6363471,6.2403653,9.7678637,0.022367329,0.043681505,0.033292551,0.099341385,-0.4364060099,0.4364060099,-0.3468643965,0.3468643965,0.000776,441
random_interior_363,3.0983423,9.6323746,8.0480053,0.093112691,0.038213022,0.020773302,0.15209902,-0.4387632836,0.4387632836,-0.3278562489,0.3278562489,0.000799,441
random_interior_236,1.9583564,1.3778472,5.1503037,0.086006809,0.081955746,0.024703684,0.19266624,-0.4402005104,0.4402005104,-0.3313454806,0.3313454806,0.000778,441
random_interior_016,3.6105528,5.5674676,2.9356157,0.035710633,0.025301987,0.077945409,0.13895803,-0.442306855,0.442306855,-0.3470671386,0.3470671386,0.001769,441
random_interior_383,2.5725545,3.6893203,5.2762491,0.026393623,0.03742776,0.06400239,0.12782377,-0.4466065802,0.4466065802,-0.3534076662,0.3534076662,0.000911,441
random_interior_213,3.8359495,6.1005051,1.4067215,0.046959652,0.041769403,0.086881277,0.17561033,-0.446615717,0.446615717,-0.3441870252,0.3441870252,0.000856,441
random_interior_473,3.2585881,9.7806859,2.5279989,0.04286191,0.047799982,0.093459261,0.18412115,-0.4494552415,0.4494552415,-0.3336008299,0.3336008299,0.000779,441
random_interior_331,2.6770108,1.7849437,3.5181523,0.029026352,0.04972809,0.076767676,0.15552212,-0.452461105,0.452461105,-0.3517285503,0.3517285503,0.000768,441
random_interior_079,2.846143,7.0351001,7.7680897,0.028422216,0.047152198,0.035005827,0.11058024,-0.4532689467,0.4532689467,-0.3612791925,0.3612791925,0.000932,441
random_interior_435,4.5996413,6.2206874,4.3502358,0.021906997,0.022459263,0.078989249,0.12335551,-0.4569826393,0.4569826393,-0.3529125052,0.3529125052,0.001033,441
random_interior_300,8.2835204,9.3646245,1.6824708,0.058967929,0.032628947,0.033322184,0.12491906,-0.4578204183,0.4578204183,-0.3665943401,0.3665943401,0.000774,441
random_interior_480,3.5365236,1.5344509,7.8076951,0.054421643,0.027100311,0.04196294,0.12348489,-0.461012034,0.461012034,-0.3715530497,0.3715530497,0.000775,441
random_interior_446,8.7054275,3.3837159,3.5888837,0.064234276,0.023727315,0.026868833,0.11483042,-0.4633441002,0.4633441002,-0.3701814099,0.3701814099,0.000751,441
random_interior_014,4.2262194,7.4456252,9.5436413,0.023779835,0.024716624,0.046181367,0.094677826,-0.4689214742,0.4689214742,-0.3735014183,0.3735014183,0.001167,441
random_interior_038,3.2862952,9.0609553,1.2254522,0.054305235,0.051641779,0.093528099,0.19947511,-0.4703654736,0.4703654736,-0.3539076085,0.3539076085,0.001210,441
random_interior_422,4.1870284,9.1752829,1.5205496,0.096129315,0.027845864,0.073134242,0.19710942,-0.4727928813,0.4727928813,-0.350622391,0.350622391,0.000820,441
random_interior_002,1.0038959,6.5089564,3.9471433,0.04060091,0.048619935,0.076781022,0.16600187,-0.4744235082,0.4744235082,-0.3699578762,0.3699578762,0.011610,441
random_interior_364,4.3400945,1.7451675,1.1345997,0.072105704,0.029566707,0.089453134,0.19112554,-0.4776184629,0.4776184629,-0.3644667403,0.3644667403,0.000767,441
random_interior_296,2.8864117,1.0459206,9.835216,0.033824767,0.081493314,0.037785444,0.15310352,-0.4933869582,0.4933869582,-0.3773207111,0.3773207111,0.000864,441
random_interior_102,1.0246951,5.9784048,7.8462781,0.036630347,0.094339408,0.028806941,0.1597767,-0.5002449761,0.5002449761,-0.3848260629,0.3848260629,0.000915,441
random_interior_116,6.3087885,9.5657943,1.3164998,0.066619575,0.033194212,0.031015735,0.13082952,-0.5055838234,0.5055838234,-0.4103475302,0.4103475302,0.000850,441
random_interior_354,4.8180212,5.8721825,8.0828704,0.021911292,0.04406223,0.030975285,0.096948807,-0.5134228362,0.5134228362,-0.4084740043,0.4084740043,0.000791,441
random_interior_152,2.8695237,2.2960987,1.9055112,0.037949261,0.088958693,0.04416893,0.17107688,-0.5212268836,0.5212268836,-0.4011303407,0.4011303407,0.000850,441
random_interior_384,1.8519567,7.5785504,1.2945595,0.044382069,0.086559576,0.030824433,0.16176608,-0.5235549362,0.5235549362,-0.4142439645,0.4142439645,0.000813,441
random_interior_064,8.9279747,1.039014,2.9687385,0.026457147,0.069994575,0.096007404,0.19245913,-0.5282259485,0.5282259485,-0.3812642045,0.3812642045,0.001103,441
random_interior_174,3.1607168,2.3436155,9.0036975,0.032238435,0.063704395,0.023106286,0.11904912,-0.5304497776,0.5304497776,-0.419691217,0.419691217,0.000797,441
random_interior_274,8.9931086,6.999544,3.8653845,0.020267426,0.048398593,0.030362901,0.099028921,-0.531704432,0.531704432,-0.4212026353,0.4212026353,0.000760,441
random_interior_034,1.5803679,5.7157089,4.0685041,0.061038793,0.050095845,0.024595455,0.13573009,-0.5452844257,0.5452844257,-0.435837466,0.435837466,0.001604,441
random_interior_100,8.4891193,1.5672687,2.3074727,0.026057132,0.088274408,0.061864417,0.17619596,-0.5533797874,0.5533797874,-0.4098467224,0.4098467224,0.000950,441
random_interior_111,3.0391347,5.8820342,5.9077313,0.053784094,0.031641213,0.022449037,0.10787434,-0.5621055444,0.5621055444,-0.4542455308,0.4542455308,0.001091,441
random_interior_068,2.6820292,4.5463446,5.9576676,0.072049555,0.023853382,0.023190151,0.11909309,-0.5641201255,0.5641201255,-0.4491417138,0.4491417138,0.001143,441
random_interior_118,4.3244204,2.2735535,3.367416,0.022425724,0.074084192,0.037708782,0.1342187,-0.5663742324,0.5663742324,-0.4395274917,0.4395274917,0.000946,441
random_interior_340,4.4871337,6.2735427,2.5102282,0.066193202,0.022700561,0.031326754,0.12022052,-0.5666799459,0.5666799459,-0.4541027389,0.4541027389,0.000772,441
random_interior_320,1.3549714,9.0794747,9.9053986,0.093753428,0.053799721,0.028024831,0.17557798,-0.5677893787,0.5677893787,-0.4180596489,0.4180596489,0.000771,441
random_interior_306,5.5327857,8.9986196,4.656735,0.030599987,0.025069227,0.039615073,0.095284287,-0.5857430502,0.5857430502,-0.4689731203,0.4689731203,0.000792,441
random_interior_365,2.2889212,4.0307284,1.851285,0.036909688,0.074716407,0.040222768,0.15184886,-0.5868364823,0.5868364823,-0.4597703429,0.4597703429,0.000779,441
random_interior_144,2.1374087,2.4789164,7.0621725,0.033310858,0.037842357,0.046485845,0.11763906,-0.5999657936,0.5999657936,-0.4807583893,0.4807583893,0.000816,441
random_interior_163,2.160923,2.0876788,6.0681156,0.050040873,0.041276222,0.032399052,0.12371615,-0.6011088941,0.6011088941,-0.484168871,0.484168871,0.000791,441
random_interior_053,1.4783952,1.3766934,5.2624661,0.063742821,0.032453218,0.047798782,0.14399482,-0.6026785611,0.6026785611,-0.4812204869,0.4812204869,0.001075,441
random_interior_470,2.7032757,4.485216,1.9338321,0.033246074,0.036947208,0.072144555,0.14233784,-0.6049178705,0.6049178705,-0.4757900182,0.4757900182,0.000819,441
random_interior_098,1.2362246,3.5116364,6.3802714,0.037508675,0.030411485,0.05725968,0.12517984,-0.6197908256,0.6197908256,-0.496481848,0.496481848,0.001154,441
random_interior_084,1.2745288,3.7833436,3.2716179,0.023101977,0.085513672,0.051940623,0.16055627,-0.6606881912,0.6606881912,-0.5028011418,0.5028011418,0.000934,441
random_interior_491,5.4741595,6.6194947,2.0197761,0.043206556,0.045049369,0.023815879,0.1120718,-0.6647329707,0.6647329707,-0.5358788271,0.5358788271,0.002772,441
random_interior_410,3.7077778,2.1075069,2.1729941,0.033551388,0.024503516,0.075418008,0.13347291,-0.6807661808,0.6807661808,-0.5358660976,0.5358660976,0.000787,441
random_interior_139,3.1427956,4.3479715,2.5382517,0.026459171,0.024565696,0.080950053,0.13197492,-0.6842237736,0.6842237736,-0.529964905,0.529964905,0.000804,441
random_interior_279,3.0060926,2.3452972,6.0723132,0.026316966,0.024607542,0.056390708,0.10731522,-0.6913265608,0.6913265608,-0.5518503229,0.5518503229,0.000790,441
random_interior_161,2.3170481,1.6703224,8.7856748,0.080591018,0.027680634,0.020495575,0.12876723,-0.7421726982,0.7421726982,-0.5785058149,0.5785058149,0.001208,441
random_interior_395,1.1845361,6.685616,7.3264786,0.029188028,0.032165806,0.047509651,0.10886349,-0.7684673374,0.7684673374,-0.6138453981,0.6138453981,0.000973,441
random_interior_173,1.1093033,2.9445674,5.756457,0.077432346,0.036874851,0.023063501,0.1373707,-0.8014196422,0.8014196422,-0.633631126,0.633631126,0.000795,441
random_interior_056,4.9794563,3.3102645,1.5569322,0.044577538,0.024967214,0.045037107,0.11458186,-0.8578335354,0.8578335354,-0.6911051822,0.6911051822,0.001078,441
random_interior_451,2.2220903,1.7418148,4.3972016,0.06037885,0.032163616,0.025457355,0.11799982,-0.8640477038,0.8640477038,-0.6959329,0.6959329,0.000776,441
random_interior_058,2.3212405,3.4501796,1.2211609,0.050072476,0.022622423,0.061523897,0.1342188,-0.9137788497,0.9137788497,-0.7316429618,0.7316429618,0.001110,441
random_interior_045,4.0426653,5.1591275,3.9489674,0.026838132,0.03352897,0.030626872,0.090993974,-0.9922159678,0.9922159678,-0.7945343335,0.7945343335,0.001151,441
random_interior_282,8.6835411,3.6777698,1.1256336,0.024866752,0.095555927,0.020785998,0.14120868,-1.029126924,1.029126924,-0.7781141386,0.7781141386,0.000781,441
random_interior_148,6.6545065,1.4865499,4.5326197,0.028430919,0.035533868,0.021982634,0.085947421,-1.436661292,1.436661292,-1.150663219,1.150663219,0.000795,441
random_interior_250,9.4298469,1.3270161,6.0111628,0.030086934,0.021520083,0.027949909,0.079556927,-1.444054959,1.444054959,-1.145760263,1.145760263,0.000951,441
random_interior_290,1.0166812,9.2816466,2.4755125,0.031864056,0.044852157,0.021768599,0.098484811,-1.49252956,1.49252956,-1.211548829,1.211548829,0.000781,441
random_interior_146,3.7929602,3.0662851,3.8250065,0.031792376,0.026152977,0.02104668,0.078992033,-1.976257625,1.976257625,-1.578869486,1.578869486,0.000807,441
random_interior_283,2.6947915,1.7231658,5.4987335,0.025388143,0.034934258,0.022326111,0.082648512,-2.116276405,2.116276405,-1.686047438,1.686047438,0.000857,441
random_interior_175,2.9175589,2.1085166,4.5863102,0.020688313,0.02152631,0.034988553,0.077203176,-2.43005882,2.43005882,-1.91203478,1.91203478,0.000814,441
